{"type":"FeatureCollection","features":[{"type":"Feature","geometry":{"type":"Polygon","coordinates":[[[-47.90063793199994,-21.43943523699994],[-47.89727712799998,-21.440903525999943],[-47.89729650099997,-21.44102166099998],[-47.89753117199994,-21.441261263999934],[-47.89760507099992,-21.441512857999953],[-47.898504861999974,-21.44290904299993],[-47.89890228899997,-21.443307132999948],[-47.899363735999934,-21.442631302999928],[-47.89936587799996,-21.44245978999993],[-47.89946219499994,-21.44252153599996],[-47.90096149399995,-21.441060368999956],[-47.90063793199994,-21.43943523699994]]]},"properties":{"KEY":"2144.936001","id":"dfd4208b-2d1a-4bef-a7f5-db8c1e0236c7","FAZENDA":"02144","GLEBA":"09360","QUADRA":"001","__label_r__":-0.4118951638497039},"id":"0"},{"type":"Feature","geometry":{"type":"Polygon","coordinates":[[[-47.90234138199997,-21.445406874999946],[-47.904351562999956,-21.438788153999965],[-47.90470117299998,-21.437629302999937],[-47.90093063699993,-21.439244910999946],[-47.900681767999956,-21.43940933999994],[-47.90196128899998,-21.445866489999958],[-47.90213698799993,-21.445398521999948],[-47.90234138199997,-21.445406874999946]]]},"properties":{"KEY":"2144.936002","id":"bf214878-d3f5-4e8a-996e-d262afa03243","FAZENDA":"02144","GLEBA":"09360","QUADRA":"002","__label_r__":-1.2759380687940234},"id":"1"},{"type":"Feature","geometry":{"type":"Polygon","coordinates":[[[-47.90441646899994,-21.43880539199995],[-47.90394795799995,-21.44034500899994],[-47.909870941999934,-21.442051617999937],[-47.91031141499997,-21.440889850999966],[-47.910902755999984,-21.43986821499992],[-47.91167688999997,-21.438958633999974],[-47.91248745499996,-21.43830602499996],[-47.91032749699996,-21.435167923999927],[-47.90488811899996,-21.437516007999918],[-47.90478247199997,-21.437592201999962],[-47.90441646899994,-21.43880539199995]]]},"properties":{"KEY":"2144.936003","id":"80f1d5dc-fc47-4574-8f95-b8bbad38722f","FAZENDA":"02144","GLEBA":"09360","QUADRA":"003","__label_r__":0.28053468588232994},"id":"2"},{"type":"Feature","geometry":{"type":"Polygon","coordinates":[[[-47.90259710799994,-21.444794594999962],[-47.90220516399995,-21.446119102999944],[-47.90235869999998,-21.44786520599996],[-47.90248531399993,-21.447720769999947],[-47.90256515199996,-21.44780485399997],[-47.90254349699994,-21.447884710999972],[-47.90236778799993,-21.44796660999998],[-47.90268125599994,-21.451432315999966],[-47.90272435999996,-21.45174094899994],[-47.90291999399994,-21.45176204699993],[-47.90307082999992,-21.450741732999973],[-47.90339263799996,-21.44961608499996],[-47.903861180999954,-21.44840182599995],[-47.904259736999954,-21.447654591999935],[-47.90565644899993,-21.445846293999978],[-47.906555791999935,-21.444389069999943],[-47.90695108899996,-21.44344596199994],[-47.90759892099993,-21.441444208999954],[-47.90393475199994,-21.440388410999944],[-47.90259710799994,-21.444794594999962]]]},"properties":{"KEY":"2144.936005","id":"d9d6919d-c7e6-427a-9f16-1e5150b7b3ed","FAZENDA":"02144","GLEBA":"09360","QUADRA":"005","__label_r__":-1.2760553267810346},"id":"3"},{"type":"Feature","geometry":{"type":"Polygon","coordinates":[[[-47.90728255099998,-21.45125653299995],[-47.909858275999966,-21.442095175999953],[-47.90764503499998,-21.441457494999952],[-47.906996840999945,-21.443460140999946],[-47.90663207199997,-21.44434875199994],[-47.90569707399993,-21.445870599999978],[-47.90430098599995,-21.447678047999943],[-47.90383061499993,-21.44858010799993],[-47.90343881599995,-21.44962908499997],[-47.90307712899994,-21.45090182099993],[-47.90296797399998,-21.451767351999933],[-47.90683584399994,-21.452183969999965],[-47.90704246299998,-21.451379135999957],[-47.90728255099998,-21.45125653299995]]]},"properties":{"KEY":"2144.936006","id":"76d2bf7e-ba60-4417-96e7-5074ee87a377","FAZENDA":"02144","GLEBA":"09360","QUADRA":"006","__label_r__":-1.2939150901997813},"id":"4"},{"type":"Feature","geometry":{"type":"Polygon","coordinates":[[[-47.90982244199995,-21.442390177999982],[-47.907096614999936,-21.452205196999955],[-47.91271404199994,-21.452885813999956],[-47.914436264999935,-21.44111629699995],[-47.91251363899994,-21.43834393799993],[-47.91157052799998,-21.43913056799994],[-47.91083272799994,-21.440055634999965],[-47.91027515099995,-21.441085275999967],[-47.90982244199995,-21.442390177999982]]]},"properties":{"KEY":"2144.936007","id":"7cb80584-1305-47c1-8c2d-bcdb78bb1712","FAZENDA":"02144","GLEBA":"09360","QUADRA":"007","__label_r__":-1.4254984062368892},"id":"5"},{"type":"Feature","geometry":{"type":"Polygon","coordinates":[[[-47.903133916999934,-21.453530000999933],[-47.90427438199997,-21.45809812799996],[-47.904371746245324,-21.458171509554177],[-47.90430319399997,-21.458268635999957],[-47.905362025999985,-21.463844353999946],[-47.90704042999994,-21.452244656999937],[-47.902730793999964,-21.451787012999958],[-47.903133916999934,-21.453530000999933]]]},"properties":{"KEY":"2144.936008","id":"caf9ac64-bfb0-4247-b030-184f6a071daf","FAZENDA":"02144","GLEBA":"09360","QUADRA":"008","__label_r__":-1.4650019306699154},"id":"6"},{"type":"Feature","geometry":{"type":"Polygon","coordinates":[[[-47.90611106499995,-21.458992140999953],[-47.90539401299997,-21.464025688999982],[-47.906336486999976,-21.468812937999914],[-47.90790048799994,-21.46800728199996],[-47.91009747899994,-21.452596824999944],[-47.90707186999997,-21.45224798399994],[-47.90611106499995,-21.458992140999953]]]},"properties":{"KEY":"2144.936009","id":"6f2b5d09-e463-4e8e-919d-f9ecb5113ca7","FAZENDA":"02144","GLEBA":"09360","QUADRA":"009","__label_r__":-1.429283786118187},"id":"7"},{"type":"Feature","geometry":{"type":"Polygon","coordinates":[[[-47.908781175999934,-21.461840537999933],[-47.90790048799994,-21.46800728199996],[-47.910774055999966,-21.466492605999974],[-47.91270772199993,-21.45293054299998],[-47.91009747699996,-21.452596846999953],[-47.908781175999934,-21.461840537999933]]]},"properties":{"KEY":"2144.936011","id":"ab4abb00-68f0-4d25-8161-5bfef9216217","FAZENDA":"02144","GLEBA":"09360","QUADRA":"011","__label_r__":-1.429185562636106},"id":"8"},{"type":"Feature","geometry":{"type":"Polygon","coordinates":[[[-47.90003418399993,-21.44501427999994],[-47.900210717999975,-21.446226314999933],[-47.90063692199993,-21.446145688999934],[-47.900600355999984,-21.446002719999967],[-47.90073388199994,-21.445977450999976],[-47.90079347199997,-21.446129492999944],[-47.90198407099996,-21.446228758999936],[-47.90097231299995,-21.441114908999964],[-47.899470181999945,-21.442580928999973],[-47.89957338699997,-21.443061774999933],[-47.899372784999954,-21.442937199999946],[-47.899306009999975,-21.44279961799998],[-47.89893612499998,-21.443341347999947],[-47.89907938899995,-21.443540446999975],[-47.89920018199996,-21.443912846999993],[-47.89994521199997,-21.44471780699996],[-47.90003418399993,-21.44501427999994]]]},"properties":{"KEY":"2144.936012","id":"c6f697c6-e350-49fa-8cec-c98b3e215c2c","FAZENDA":"02144","GLEBA":"09360","QUADRA":"012","__label_r__":1.3754721677417594},"id":"9"},{"type":"Feature","geometry":{"type":"Polygon","coordinates":[[[-47.91588318199996,-21.437107732999948],[-47.91677506199993,-21.437552928999935],[-47.91777755299995,-21.438346474999932],[-47.91838973099993,-21.43909898799994],[-47.91880629399998,-21.439911052999946],[-47.92163530499994,-21.439104406999945],[-47.91913454499996,-21.431422327999954],[-47.91037183399993,-21.435149068999976],[-47.91170473699998,-21.43708851899993],[-47.91270760999997,-21.436806906999962],[-47.91371292599995,-21.43670993799998],[-47.91481970899998,-21.43680526299994],[-47.91588318199996,-21.437107732999948]]]},"properties":{"KEY":"2144.936101","id":"c048799b-7eb1-4e08-9975-31c20141f3f2","FAZENDA":"02144","GLEBA":"09361","QUADRA":"001","__label_r__":-0.4021208582336926},"id":"10"},{"type":"Feature","geometry":{"type":"Polygon","coordinates":[[[-47.91924720699995,-21.441220593999944],[-47.92144504699995,-21.447855376999925],[-47.92181555299993,-21.448346199999946],[-47.92233653699997,-21.448789945999977],[-47.92287913999996,-21.449108380999988],[-47.923833625999976,-21.44948108799997],[-47.92407106999997,-21.44638409099997],[-47.921732016999954,-21.43912399499993],[-47.91882324199997,-21.43995338599997],[-47.91924720699995,-21.441220593999944]]]},"properties":{"KEY":"2144.936102","id":"a215ba60-5109-4b71-861e-afafc47d4fbd","FAZENDA":"02144","GLEBA":"09361","QUADRA":"002","__label_r__":1.2591177219211913},"id":"11"},{"type":"Feature","geometry":{"type":"Polygon","coordinates":[[[-47.914748550999946,-21.441629294999927],[-47.91569775099997,-21.444560729999992],[-47.919986249999965,-21.443651906999946],[-47.91862868299995,-21.439620257999948],[-47.91806593899997,-21.43873548299996],[-47.917308857999956,-21.437986441999954],[-47.916748562999956,-21.437590616999955],[-47.91604811299992,-21.43722513299997],[-47.915297611999954,-21.436960926999987],[-47.91461284899998,-21.436816780999933],[-47.91401429399997,-21.436759997999957],[-47.91311312499993,-21.436792009999976],[-47.91252085499997,-21.43689100799996],[-47.91173141599995,-21.43712717099993],[-47.914599879999955,-21.441251988999966],[-47.914748550999946,-21.441629294999927]]]},"properties":{"KEY":"2144.936103","id":"5af4747b-8890-4f65-9d74-ddb9e7d57268","FAZENDA":"02144","GLEBA":"09361","QUADRA":"003","__label_r__":1.0806536186658056},"id":"12"},{"type":"Feature","geometry":{"type":"Polygon","coordinates":[[[-47.91633077199998,-21.446512623999965],[-47.91708538499994,-21.448831359999915],[-47.917364727999924,-21.449494247999937],[-47.91790505199998,-21.45038684499997],[-47.918605972999956,-21.451211935999936],[-47.91946712699994,-21.451960301999975],[-47.92058998199997,-21.452668056999983],[-47.921495307999976,-21.453083144999937],[-47.92349911399998,-21.453843706999976],[-47.92383002299994,-21.449528077999958],[-47.92308943599993,-21.44925454099996],[-47.922413143999954,-21.44889709699993],[-47.92191374599997,-21.44850911199994],[-47.92150232399996,-21.448035501999982],[-47.921248273999936,-21.44753867399993],[-47.92000030399998,-21.443695187999936],[-47.91571178499998,-21.44460401599997],[-47.91633077199998,-21.446512623999965]]]},"properties":{"KEY":"2144.936104","id":"6b5dcd8f-e261-4861-873f-d8f632a8550f","FAZENDA":"02144","GLEBA":"09361","QUADRA":"004","__label_r__":0.9898141279014883},"id":"13"},{"type":"Feature","geometry":{"type":"Polygon","coordinates":[[[-47.912816556999985,-21.45303704099996],[-47.91537541999997,-21.456435043999917],[-47.91688488999994,-21.454815226999983],[-47.91782766099992,-21.45347208299995],[-47.92334812999996,-21.455812659999935],[-47.92349542399995,-21.453891836999958],[-47.921258824999924,-21.453035627999952],[-47.91988284499996,-21.452306466999957],[-47.919216668999965,-21.45182484299994],[-47.91857061699994,-21.451242601999994],[-47.91806055199998,-21.450669431999955],[-47.91758293799993,-21.449987917999977],[-47.91703963899993,-21.448845564999942],[-47.914680527999955,-21.441576717999965],[-47.91447467599994,-21.44118386499997],[-47.91287657399994,-21.452079690999938],[-47.913061278999976,-21.452986844999927],[-47.912816556999985,-21.45303704099996]]]},"properties":{"KEY":"2144.936105","id":"659e0225-c63d-428c-a6f2-0d255fa7a6ed","FAZENDA":"02144","GLEBA":"09361","QUADRA":"005","__label_r__":0.9534904794987269},"id":"14"},{"type":"Feature","geometry":{"type":"Polygon","coordinates":[[[-47.912088387999965,-21.466050576999976],[-47.914184477999974,-21.466865571999946],[-47.91527277899996,-21.467437486999927],[-47.91591133099995,-21.46785182399998],[-47.91858638099995,-21.465351409999982],[-47.91710425699995,-21.463572393999982],[-47.914125168999924,-21.465195473999927],[-47.913918413999966,-21.465251818999945],[-47.91355995499998,-21.46513862699993],[-47.91340499299998,-21.465166907999958],[-47.91190889099994,-21.46594181499995],[-47.912088387999965,-21.466050576999976]]]},"properties":{"KEY":"2144.936106","id":"5fc1fe0e-2361-4d43-ab32-9f79c0fe32fc","FAZENDA":"02144","GLEBA":"09361","QUADRA":"006","__label_r__":-0.4779047839604571},"id":"15"},{"type":"Feature","geometry":{"type":"Polygon","coordinates":[[[-47.91654698599996,-21.45733125599999],[-47.91792529799994,-21.457965478999938],[-47.921051966999975,-21.459068171999945],[-47.92184394199995,-21.459472593999962],[-47.922542045999926,-21.459941656999945],[-47.922993195999936,-21.459150084999976],[-47.92313374199994,-21.45860825399997],[-47.923344450999934,-21.45586063099995],[-47.91784532399999,-21.453529102999937],[-47.916922409999984,-21.45484356999998],[-47.91541030499995,-21.456479564999924],[-47.91654698599996,-21.45733125599999]]]},"properties":{"KEY":"2144.936107","id":"c1c26f15-6a57-4a1d-9e46-747346cca22e","FAZENDA":"02144","GLEBA":"09361","QUADRA":"007","__label_r__":0.40444734501022045},"id":"16"},{"type":"Feature","geometry":{"type":"Polygon","coordinates":[[[-47.91312994699996,-21.45891116399997],[-47.91344027299994,-21.458992884999915],[-47.91398150899994,-21.45941532199994],[-47.916216581999954,-21.457197406999967],[-47.915364463999936,-21.456498833999945],[-47.91274364799995,-21.45302034399998],[-47.912074237999946,-21.45771896099997],[-47.91312994699996,-21.45891116399997]]]},"properties":{"KEY":"2144.936108","id":"2b7b040f-7a5c-4e08-9561-6408b214a31a","FAZENDA":"02144","GLEBA":"09361","QUADRA":"008","__label_r__":0.8771825921840704},"id":"17"},{"type":"Feature","geometry":{"type":"Polygon","coordinates":[[[-47.914708504999965,-21.46069376899993],[-47.918620749999945,-21.465319259999944],[-47.92046927699994,-21.46357831399996],[-47.92251903599998,-21.459982027999956],[-47.92181825599994,-21.459510802999944],[-47.92103124599997,-21.45910891999995],[-47.91745665999996,-21.457828475999975],[-47.91626689499997,-21.45721323099997],[-47.913796862999945,-21.459664293999936],[-47.914708504999965,-21.46069376899993]]]},"properties":{"KEY":"2144.936109","id":"ce104a84-27a9-42f6-9853-bdca8acea28a","FAZENDA":"02144","GLEBA":"09361","QUADRA":"009","__label_r__":0.7892527742333589},"id":"18"},{"type":"Feature","geometry":{"type":"Polygon","coordinates":[[[-47.911542197999935,-21.46144886299993],[-47.91082666999995,-21.46646467499994],[-47.913385167999934,-21.465125689999965],[-47.91356734999993,-21.465093783999976],[-47.91391831599998,-21.465206376999944],[-47.914103039999986,-21.465155331999924],[-47.91707385099992,-21.463536543999965],[-47.912065551999945,-21.457779851999916],[-47.911542197999935,-21.46144886299993]]]},"properties":{"KEY":"2144.936110","id":"115cd13e-59e8-47e3-8344-3ae8afa9efff","FAZENDA":"02144","GLEBA":"09361","QUADRA":"010","__label_r__":-1.4291031809597488},"id":"19"},{"type":"Feature","geometry":{"type":"Polygon","coordinates":[[[-47.911410854999986,-21.46748376799998],[-47.91343449999992,-21.468265290999966],[-47.914691280999925,-21.468988130999946],[-47.915838526999934,-21.467919631999948],[-47.91522210199997,-21.467514256999934],[-47.914141846999925,-21.466946521999944],[-47.91220938499998,-21.466204988999948],[-47.91181799299994,-21.465990086999966],[-47.91032649399995,-21.466776155999995],[-47.911410854999986,-21.46748376799998]]]},"properties":{"KEY":"2144.936111","id":"032c4dae-5e72-4b13-934b-849e5c80ca9c","FAZENDA":"02144","GLEBA":"09361","QUADRA":"011","__label_r__":0.42997246354942376},"id":"20"},{"type":"Feature","geometry":{"type":"Polygon","coordinates":[[[-47.910080826999945,-21.466903686999956],[-47.90632357899995,-21.46893601799995],[-47.90670903799996,-21.470556329999965],[-47.90805574099995,-21.472062987999948],[-47.90850634599996,-21.47113121299998],[-47.909253897999974,-21.470301542999948],[-47.90991824699994,-21.469834089999935],[-47.91297381199996,-21.46812641299995],[-47.91124421499995,-21.46745680199996],[-47.910280587999964,-21.466799986999945],[-47.910080826999945,-21.466903686999956]]]},"properties":{"KEY":"2144.936112","id":"15a1a3e9-ec2f-4d3a-b6e7-373caf99fa24","FAZENDA":"02144","GLEBA":"09361","QUADRA":"012","__label_r__":-0.6750035073705569},"id":"21"},{"type":"Feature","geometry":{"type":"Polygon","coordinates":[[[-47.913027551999946,-21.468148926999973],[-47.90966435899997,-21.470049564999954],[-47.909052243999945,-21.470547049999936],[-47.908459554999965,-21.47129466599995],[-47.90809151499997,-21.47210178299997],[-47.90964355499993,-21.47375659599993],[-47.914656774999955,-21.469020268999927],[-47.91434238699997,-21.46879305899995],[-47.913027551999946,-21.468148926999973]]]},"properties":{"KEY":"2144.936113","id":"df1f060d-84e0-42fc-851f-cf277950f7ea","FAZENDA":"02144","GLEBA":"09361","QUADRA":"013","__label_r__":-0.7570051940324883},"id":"22"},{"type":"Feature","geometry":{"type":"Polygon","coordinates":[[[-47.87203005099997,-21.426910877999944],[-47.873558887999934,-21.429285462999914],[-47.875182397999936,-21.42518111499993],[-47.875937962999956,-21.423728960999938],[-47.87647712999994,-21.42297709199994],[-47.87639682699994,-21.42271285499993],[-47.876301181999956,-21.422698560999947],[-47.87475873399995,-21.423671501999934],[-47.874893427999936,-21.424132466999936],[-47.874827231999966,-21.424424631999955],[-47.87437238899998,-21.425258556999964],[-47.87414077399995,-21.425856335999967],[-47.87376459899997,-21.426423659999955],[-47.87355342899997,-21.426515862999963],[-47.87321082899995,-21.426418938999973],[-47.87293966299994,-21.426537912999947],[-47.87266663899993,-21.42646418399994],[-47.87223094899997,-21.426838908999983],[-47.87203005099997,-21.426910877999944]]]},"properties":{"KEY":"2291.941701","id":"26f3af46-3321-4404-8d70-ab13a360bb69","FAZENDA":"02291","GLEBA":"09417","QUADRA":"001","__label_r__":-1.1375151440224847},"id":"23"},{"type":"Feature","geometry":{"type":"Polygon","coordinates":[[[-47.86650892599992,-21.426033468999933],[-47.872318635999925,-21.43222362599994],[-47.87353809699994,-21.42933687699997],[-47.87221016399995,-21.42732560299993],[-47.87143572499996,-21.425932718999945],[-47.87107505499995,-21.425467094999917],[-47.870476174999965,-21.42485267399998],[-47.86868871099994,-21.423558553999968],[-47.867331300999986,-21.422195341999938],[-47.86650892599992,-21.426033468999933]]]},"properties":{"KEY":"2291.941702","id":"3bd63186-0ef1-465e-9eca-022b6dbbae67","FAZENDA":"02291","GLEBA":"09417","QUADRA":"002","__label_r__":0.8170918152268514},"id":"24"},{"type":"Feature","geometry":{"type":"Polygon","coordinates":[[[-47.85969750499997,-21.418775165999918],[-47.86646891599997,-21.42599083799996],[-47.86729006399998,-21.422158432999936],[-47.86641338199997,-21.421387704999972],[-47.86583321199997,-21.420681423999966],[-47.86501151599998,-21.418389626999954],[-47.86462010799995,-21.417502492999986],[-47.86425883899994,-21.41695052299994],[-47.86390247999998,-21.416627863999963],[-47.863465006999945,-21.41649053699996],[-47.862991421999936,-21.416501351999955],[-47.86191004799997,-21.41679231699993],[-47.86125226599996,-21.417152475999956],[-47.86084375999996,-21.417493350999962],[-47.85969750499997,-21.418775165999918]]]},"properties":{"KEY":"2291.941703","id":"2767f360-f73e-4164-a9cb-7ab18765f8ed","FAZENDA":"02291","GLEBA":"09417","QUADRA":"003","__label_r__":0.8171497226309223},"id":"25"},{"type":"Feature","geometry":{"type":"Polygon","coordinates":[[[-47.861183911999944,-21.424743174999946],[-47.86309528299995,-21.42736635199998],[-47.866861458999935,-21.426489031999935],[-47.85966628899995,-21.41881061999993],[-47.85932135399997,-21.419253867999927],[-47.85916981599996,-21.419603011999996],[-47.85911885999997,-21.419933984999943],[-47.85915166799998,-21.42063576299995],[-47.85941128399996,-21.42148276599994],[-47.860461542999985,-21.423619703999975],[-47.861183911999944,-21.424743174999946]]]},"properties":{"KEY":"2291.941704","id":"a831438d-cf75-4940-8f89-763c59d6e707","FAZENDA":"02291","GLEBA":"09417","QUADRA":"004","__label_r__":0.8178766928692479},"id":"26"},{"type":"Feature","geometry":{"type":"Polygon","coordinates":[[[-47.86670978999995,-21.426570855999955],[-47.86312348899996,-21.427406271999928],[-47.86520668199995,-21.430333155999946],[-47.86696056199996,-21.433603173999927],[-47.867449970999985,-21.434390863999965],[-47.868089082999965,-21.43505592599996],[-47.86847772099998,-21.435320911999952],[-47.86903074099997,-21.435598768999967],[-47.86988018999994,-21.435876242999953],[-47.872033155999986,-21.433250432999955],[-47.87229702699994,-21.43228899099995],[-47.867598874999935,-21.427275916999974],[-47.86735366199997,-21.427244465999934],[-47.86670978999995,-21.426570855999955]]]},"properties":{"KEY":"2291.941705","id":"6a6a0adb-7bbc-402e-9523-a77913419138","FAZENDA":"02291","GLEBA":"09417","QUADRA":"005","__label_r__":0.8178154582951475},"id":"27"},{"type":"Feature","geometry":{"type":"Polygon","coordinates":[[[-47.86347793899993,-21.432079331999944],[-47.86387794299997,-21.43293413999993],[-47.86504570999994,-21.434211696999967],[-47.865309616999966,-21.434590925999927],[-47.865593566999955,-21.435074631999953],[-47.865940250999984,-21.435991917999942],[-47.86686051799996,-21.437468711999927],[-47.867549209999936,-21.43822254199995],[-47.86797047499994,-21.438500398999963],[-47.86848110499993,-21.43760845199995],[-47.86983906699992,-21.435926105999954],[-47.86890657299994,-21.43559771599996],[-47.868451853999936,-21.43535903399993],[-47.868033965999985,-21.435067539999977],[-47.867498091999934,-21.43452333199997],[-47.86691771399995,-21.43362387299993],[-47.86521908599996,-21.43045266699994],[-47.86307387899994,-21.427417828999978],[-47.860896814999926,-21.42792492399998],[-47.861733095999966,-21.42883058299998],[-47.86263147299996,-21.42958423099998],[-47.86347793899993,-21.432079331999944]]]},"properties":{"KEY":"2291.941706","id":"edc52f73-2d78-4f7c-9c90-f60b0cb765d7","FAZENDA":"02291","GLEBA":"09417","QUADRA":"006","__label_r__":0.8990318361162557},"id":"28"},{"type":"Feature","geometry":{"type":"Polygon","coordinates":[[[-47.85953178899996,-21.418667075999963],[-47.85674484399992,-21.415692675999935],[-47.855777687999925,-21.41676353799994],[-47.85532798899993,-21.41717904499997],[-47.854796000999954,-21.41754287899994],[-47.85467896499996,-21.417707289999953],[-47.85405610699996,-21.41923872899997],[-47.85413321099998,-21.420322971999937],[-47.85445616099997,-21.420897452999952],[-47.85511901299998,-21.421643649999965],[-47.855512000999965,-21.42255307299996],[-47.85621749999996,-21.42330199499996],[-47.85671201399998,-21.42411066599992],[-47.85702892799997,-21.42437186899997],[-47.85757166499995,-21.424631550999948],[-47.858547699999974,-21.42555784299998],[-47.859255133999966,-21.42600588099998],[-47.85991550499995,-21.42672331399997],[-47.86044802099997,-21.427509682999982],[-47.86085989099997,-21.427887032999948],[-47.86304567199994,-21.427377906999922],[-47.86067137699996,-21.424096220999957],[-47.859314830999935,-21.42136205299994],[-47.85910389899993,-21.420642912999938],[-47.859070592999956,-21.41992044799997],[-47.85915025299994,-21.41949612899998],[-47.85905952999997,-21.419341074999977],[-47.85953178899996,-21.418667075999963]]]},"properties":{"KEY":"2291.941707","id":"a295609f-c909-4780-afed-b698750ab116","FAZENDA":"02291","GLEBA":"09417","QUADRA":"007","__label_r__":1.003094555908323},"id":"29"},{"type":"Feature","geometry":{"type":"Polygon","coordinates":[[[-47.85697284899993,-21.415452527999946],[-47.856777209999954,-21.415658449999967],[-47.85966521799996,-21.418740708999977],[-47.86080992199993,-21.417461155999945],[-47.86144435699998,-21.41697241099996],[-47.86189128599993,-21.41675056699995],[-47.86303137399994,-21.416452581999977],[-47.86346981999997,-21.416445552999974],[-47.86392933999998,-21.416590157999963],[-47.864256059999946,-21.416879276999964],[-47.86466330099994,-21.41748238699995],[-47.865254026999935,-21.418872788999977],[-47.86587516399993,-21.420659042999944],[-47.86644835199996,-21.42135658199993],[-47.867301285999986,-21.422106061999955],[-47.867628782999915,-21.420577513999945],[-47.867124555999965,-21.420130811999968],[-47.86698863299995,-21.419881738999948],[-47.86675678799997,-21.41835382299996],[-47.86625009599992,-21.417564023999944],[-47.86584805699994,-21.41651109299994],[-47.86573753299996,-21.415699564999954],[-47.86580716699996,-21.41530118099996],[-47.866020567999946,-21.414910749999933],[-47.86599920599996,-21.414635564999983],[-47.865206656999916,-21.413521920999983],[-47.864832513999936,-21.41325008099996],[-47.864678994999956,-21.41305234999993],[-47.864501225999945,-21.412446321999937],[-47.86459427599992,-21.412006817999952],[-47.86435564299994,-21.41162146999993],[-47.86340237999997,-21.411097187999943],[-47.86123486699994,-21.41120557199997],[-47.86082971399996,-21.411312074999955],[-47.86015102099998,-21.412077259999933],[-47.86000786099997,-21.412430443999938],[-47.85960381699992,-21.412933833999944],[-47.85877704199998,-21.41353344299995],[-47.858254484999975,-21.414308246999965],[-47.85759093999997,-21.41480384999994],[-47.85697284899993,-21.415452527999946]]]},"properties":{"KEY":"2291.941708","id":"1854ad14-73af-4e3a-8813-4d92604ac5da","FAZENDA":"02291","GLEBA":"09417","QUADRA":"008","__label_r__":0.750423119233043},"id":"30"},{"type":"Feature","geometry":{"type":"Polygon","coordinates":[[[-47.86876604099996,-21.42355988099996],[-47.87013718899992,-21.424534517999973],[-47.870731804999934,-21.425043287999927],[-47.87147696799996,-21.425909117999936],[-47.87200715499995,-21.426870204999943],[-47.872202613999946,-21.42680224299994],[-47.87253906899996,-21.42647540699994],[-47.872713860999966,-21.42640619699995],[-47.87262630799995,-21.42596902899993],[-47.87272206799997,-21.42501767499995],[-47.87263734999993,-21.424531678999926],[-47.87171819199994,-21.423643743999946],[-47.87029045399997,-21.422935671999937],[-47.869178522999945,-21.421925362999957],[-47.86870135899994,-21.42172816199998],[-47.86767104999995,-21.420609607999964],[-47.867342520999955,-21.42214297099997],[-47.86876604099996,-21.42355988099996]]]},"properties":{"KEY":"2291.941709","id":"66743176-2a2a-4e82-bc55-8905dfed1550","FAZENDA":"02291","GLEBA":"09417","QUADRA":"009","__label_r__":0.7920634053868374},"id":"31"},{"type":"Feature","geometry":{"type":"Polygon","coordinates":[[[-47.87347012299995,-21.467898687999934],[-47.873431331999925,-21.46770857899999],[-47.87376315899997,-21.467250366999977],[-47.870583399999916,-21.46518854599998],[-47.867507702999944,-21.469599965999976],[-47.868842094999934,-21.470572001999983],[-47.869195145999974,-21.47091577799995],[-47.869683597999924,-21.471827529999928],[-47.86983508699996,-21.47251119499998],[-47.86983013699995,-21.47292095599994],[-47.87074886899995,-21.471824347999927],[-47.87347012299995,-21.467898687999934]]]},"properties":{"KEY":"2293.941901","id":"1a19f37e-caaa-4990-8140-c611cdf0615f","FAZENDA":"02293","GLEBA":"09419","QUADRA":"001","__label_r__":-0.9619436441744292},"id":"32"},{"type":"Feature","geometry":{"type":"Polygon","coordinates":[[[-47.87321803799995,-21.47114640899997],[-47.87367159599995,-21.47229317699997],[-47.87445101199995,-21.473348345999966],[-47.874955853999936,-21.473808292999934],[-47.875544294999926,-21.47421645499999],[-47.87608014399996,-21.474498326999935],[-47.87683059499994,-21.474778233999956],[-47.87805764899996,-21.47499554199993],[-47.87925457799997,-21.474948757999982],[-47.88021093399993,-21.474724030999937],[-47.882357259999935,-21.47388215899997],[-47.87772537899997,-21.469854057999953],[-47.87736808499995,-21.46974255999993],[-47.876336594999934,-21.468902623999952],[-47.873914767999956,-21.467348670999968],[-47.87342416299997,-21.46820698299996],[-47.873147892999945,-21.469160606999935],[-47.87307821199993,-21.470190939999938],[-47.87321803799995,-21.47114640899997]]]},"properties":{"KEY":"2293.941902","id":"2e9e5adb-41b6-4841-ad54-9825a3c330b5","FAZENDA":"02293","GLEBA":"09419","QUADRA":"002","__label_r__":0.7157901060802518},"id":"33"},{"type":"Feature","geometry":{"type":"Polygon","coordinates":[[[-47.87318269899997,-21.47975046499994],[-47.878386397999975,-21.48236735599994],[-47.88059810299995,-21.477042800999982],[-47.87316786699994,-21.47972213199995],[-47.87318269899997,-21.47975046499994]]]},"properties":{"KEY":"2293.941903","id":"61261343-b3be-4410-b3d2-aacbc0ad48dd","FAZENDA":"02293","GLEBA":"09419","QUADRA":"003","__label_r__":0.39369290129988593},"id":"34"},{"type":"Feature","geometry":{"type":"Polygon","coordinates":[[[-47.869765016999956,-21.473623206999946],[-47.86917425599995,-21.477674926999953],[-47.873160789999986,-21.479676333999976],[-47.88062541399994,-21.47698460199996],[-47.88078388499996,-21.476755089999983],[-47.88323041199993,-21.47464457799998],[-47.88239614699995,-21.47391611599994],[-47.87989081799997,-21.474865847999993],[-47.879019051999926,-21.47502331399994],[-47.87805439299994,-21.475040563999983],[-47.877421045999924,-21.474963495999944],[-47.876645594999964,-21.47476831299997],[-47.875903352999956,-21.47446473699995],[-47.87533731299993,-21.474141154999927],[-47.87465793299997,-21.473614965999943],[-47.87399293099997,-21.47287990899997],[-47.87353634899994,-21.47213813999997],[-47.87324916599994,-21.47143095499996],[-47.873072846999946,-21.470657634999952],[-47.87303257899997,-21.469736460999968],[-47.873193061999984,-21.468741516999955],[-47.87346865499995,-21.467985735999946],[-47.870788327999946,-21.471850269999948],[-47.86982606699997,-21.473004639999957],[-47.869765016999956,-21.473623206999946]]]},"properties":{"KEY":"2293.941904","id":"00dfc3f8-c54b-4038-9060-3e93afc63693","FAZENDA":"02293","GLEBA":"09419","QUADRA":"004","__label_r__":0.5863504659800349},"id":"35"},{"type":"Feature","geometry":{"type":"Polygon","coordinates":[[[-47.86479342399997,-21.474570090999975],[-47.864806138999946,-21.47557182099996],[-47.86499825399993,-21.47665023999997],[-47.86819082699998,-21.479023278999918],[-47.86891906599993,-21.47809566799998],[-47.86918813199998,-21.47734797199996],[-47.869744441999956,-21.473249215999942],[-47.869767694999936,-21.472517704999973],[-47.86952464099994,-21.471585352999966],[-47.86914063599994,-21.47095327199996],[-47.86879841099994,-21.470620190999966],[-47.86747144599997,-21.46965370699995],[-47.86633858899996,-21.471062752999956],[-47.86539013399994,-21.472599955999954],[-47.86494454399997,-21.473579342999983],[-47.86479342399997,-21.474570090999975]]]},"properties":{"KEY":"2293.941905","id":"1b9e925b-468c-43ad-b510-50938cb35caa","FAZENDA":"02293","GLEBA":"09419","QUADRA":"005","__label_r__":-1.435894124742714},"id":"36"},{"type":"Feature","geometry":{"type":"Polygon","coordinates":[[[-47.861456921999945,-21.480540264999945],[-47.860749354999946,-21.481290490999967],[-47.86037759399993,-21.481353271999964],[-47.85891385699994,-21.48047203299994],[-47.85829778599997,-21.480225550999947],[-47.857885897999935,-21.47975304399995],[-47.85673401499997,-21.480083686999933],[-47.86313194399996,-21.483265323999944],[-47.86545968199993,-21.482364563999965],[-47.86816150599998,-21.479059097999922],[-47.86501453299996,-21.476723452999977],[-47.865249346999974,-21.47794033399998],[-47.86521384799994,-21.478209640999992],[-47.86506861999993,-21.47842738199995],[-47.86454168499995,-21.47882826799996],[-47.86171173699995,-21.48034284499994],[-47.861456921999945,-21.480540264999945]]]},"properties":{"KEY":"2293.941906","id":"717f34e0-f8cf-4684-abc3-0b60e741576c","FAZENDA":"02293","GLEBA":"09419","QUADRA":"006","__label_r__":-0.3854963344573929},"id":"37"},{"type":"Feature","geometry":{"type":"Polygon","coordinates":[[[-47.86461230899993,-21.46449273199994],[-47.86497261099996,-21.464929626999947],[-47.86545658099993,-21.465242709999927],[-47.86592759599994,-21.46537146399993],[-47.86646196199996,-21.465368226999942],[-47.867085197999984,-21.465169969999977],[-47.86760508899993,-21.464835662999988],[-47.868452255999955,-21.463806604999945],[-47.86736125599997,-21.463099126999964],[-47.867284032999976,-21.463109908999982],[-47.86705890399997,-21.46369515699996],[-47.867166352999966,-21.463775588999965],[-47.867046173999924,-21.463896937999948],[-47.866968967999966,-21.463827458999972],[-47.86663521299994,-21.464133257999947],[-47.86639884099996,-21.464234956999974],[-47.866019291999976,-21.464197243999934],[-47.865470626999965,-21.46375300899996],[-47.86486925199995,-21.463841679999973],[-47.864393284999935,-21.46417316399993],[-47.86461230899993,-21.46449273199994]]]},"properties":{"KEY":"2293.951601","id":"b0e373fa-ffeb-4b22-ab83-3fbe260d1818","FAZENDA":"02293","GLEBA":"09516","QUADRA":"001","__label_r__":-0.29424184051216623},"id":"38"},{"type":"Feature","geometry":{"type":"Polygon","coordinates":[[[-47.86264207699997,-21.46609437799998],[-47.86743210899993,-21.469543219999935],[-47.87050415899995,-21.465137161999948],[-47.86849187499995,-21.463832295999964],[-47.86785622399997,-21.464660642999945],[-47.86752713599998,-21.464955311999972],[-47.86696200099994,-21.46527600399996],[-47.86628713299994,-21.46543073899994],[-47.865739180999974,-21.465382895999937],[-47.86522808199993,-21.465177351999955],[-47.86484804699995,-21.46487208199993],[-47.864360030999926,-21.464208032999977],[-47.862380101999975,-21.46593411599997],[-47.86264207699997,-21.46609437799998]]]},"properties":{"KEY":"2293.951602","id":"79c29b0e-77d0-4507-b40f-15bb5a193eb5","FAZENDA":"02293","GLEBA":"09516","QUADRA":"002","__label_r__":0.608866649370025},"id":"39"},{"type":"Feature","geometry":{"type":"Polygon","coordinates":[[[-47.86723374199994,-21.469475262999936],[-47.86232738499995,-21.465977322999933],[-47.85982299899996,-21.46806730399993],[-47.85964658299997,-21.46854246299995],[-47.859563136999945,-21.46904072999996],[-47.859599406999955,-21.46930414999997],[-47.85955347699995,-21.469415357999935],[-47.85938126699993,-21.46945765599999],[-47.85931236899995,-21.469609556999956],[-47.85927245399994,-21.470287681999935],[-47.85945533699998,-21.47109164799997],[-47.85977973399996,-21.47138730399996],[-47.85984347099997,-21.471523486999942],[-47.86004770599993,-21.472878771999945],[-47.861582657999975,-21.47411160799993],[-47.864884151999945,-21.47656542599998],[-47.86471016099994,-21.47558109199997],[-47.86468152699996,-21.47490650299993],[-47.86485245499995,-21.473552346999952],[-47.865303165999926,-21.472560800999943],[-47.86575516899994,-21.471766122999952],[-47.86669958099996,-21.470429102999958],[-47.86662240699996,-21.470199153999914],[-47.86723374199994,-21.469475262999936]]]},"properties":{"KEY":"2293.951603","id":"8b9efc94-36a6-4564-b531-2ac0e58decee","FAZENDA":"02293","GLEBA":"09516","QUADRA":"003","__label_r__":0.6193580863152417},"id":"40"},{"type":"Feature","geometry":{"type":"Polygon","coordinates":[[[-47.85764960499995,-21.47480156399996],[-47.856599082999935,-21.47969482299993],[-47.85664085899997,-21.479972118999953],[-47.85729210499994,-21.479820222999933],[-47.85766156899996,-21.479636908999964],[-47.85795528399995,-21.47963194999994],[-47.85838272099993,-21.480115695999928],[-47.85952662699998,-21.48065631999998],[-47.860277062999955,-21.481179934999943],[-47.86059759099993,-21.48121120199994],[-47.86162151099994,-21.480235339999993],[-47.864276985999936,-21.478872978999973],[-47.86480997899997,-21.47853634699993],[-47.86507116799997,-21.478277521999928],[-47.86515276599993,-21.47794410399996],[-47.864896443999946,-21.476630390999958],[-47.86164470999995,-21.47421146499994],[-47.86182364499996,-21.475815578999985],[-47.86226423499994,-21.476575424999965],[-47.86295742999992,-21.477060560999988],[-47.863252261999946,-21.477505184999927],[-47.86335728599993,-21.478060118999977],[-47.863081478999945,-21.478430918999962],[-47.862697149999974,-21.478697903999944],[-47.861367187999974,-21.478804527999955],[-47.86114895799994,-21.47878154299997],[-47.86105537499997,-21.47870135499994],[-47.86021028299995,-21.47669643599994],[-47.86008429399993,-21.47596141399997],[-47.85983266099998,-21.47521725499996],[-47.859511197999936,-21.474653798999952],[-47.858932413999966,-21.474071151999965],[-47.85791762499995,-21.473553073999938],[-47.85764960499995,-21.47480156399996]]]},"properties":{"KEY":"2293.951604","id":"3bf57a4d-f109-415b-912b-9dcac8a53c8e","FAZENDA":"02293","GLEBA":"09516","QUADRA":"004","__label_r__":0.21147515394661778},"id":"41"},{"type":"Feature","geometry":{"type":"Polygon","coordinates":[[[-47.874211686999956,-21.48191215299994],[-47.874599355999976,-21.482446880999944],[-47.87464361799993,-21.482601221999957],[-47.87344882499996,-21.48413311299994],[-47.87690955599992,-21.485872540999935],[-47.878368741999964,-21.482409699999934],[-47.873219072999966,-21.479819944999974],[-47.874211686999956,-21.48191215299994]]]},"properties":{"KEY":"2293.951801","id":"62e67fc7-6fcd-4993-8a65-918b7b324e23","FAZENDA":"02293","GLEBA":"09518","QUADRA":"001","__label_r__":0.4657403469983902},"id":"42"},{"type":"Feature","geometry":{"type":"Polygon","coordinates":[[[-47.86752927099997,-21.481152443999974],[-47.87340597199994,-21.484111535999943],[-47.87460388299997,-21.48256076199995],[-47.874044980999926,-21.481741494999923],[-47.87310141899996,-21.47969774099994],[-47.869159758999956,-21.477719124999965],[-47.86886382699998,-21.478295055999993],[-47.86689566999995,-21.480742976999963],[-47.86746042699997,-21.48103796999993],[-47.86752927099997,-21.481152443999974]]]},"properties":{"KEY":"2293.951802","id":"884f89fb-9179-4eda-8532-9d138a53fdc5","FAZENDA":"02293","GLEBA":"09518","QUADRA":"002","__label_r__":0.4664671778678539},"id":"43"},{"type":"Feature","geometry":{"type":"Polygon","coordinates":[[[-47.873420130999925,-21.484169901999962],[-47.87103378499994,-21.48722939199996],[-47.875431180999946,-21.489435269999916],[-47.876892127999945,-21.485914991999948],[-47.873420130999925,-21.484169901999962]]]},"properties":{"KEY":"2293.951803","id":"179e6637-c328-4bff-8df2-e87771446a32","FAZENDA":"02293","GLEBA":"09518","QUADRA":"003","__label_r__":0.4649529832905738},"id":"44"},{"type":"Feature","geometry":{"type":"Polygon","coordinates":[[[-47.86747042899998,-21.48117404599998],[-47.86729458199994,-21.481197908999945],[-47.866755162999944,-21.48091713699995],[-47.86550092199995,-21.482415444999944],[-47.86320972099996,-21.483304346999944],[-47.87099088699994,-21.487207871999942],[-47.873377277999964,-21.48414832499998],[-47.86747042899998,-21.48117404599998]]]},"properties":{"KEY":"2293.951804","id":"025add87-42a7-48b4-a341-8d6d3e28c311","FAZENDA":"02293","GLEBA":"09518","QUADRA":"004","__label_r__":0.46497732105788053},"id":"45"},{"type":"Feature","geometry":{"type":"Polygon","coordinates":[[[-47.855683726999985,-21.483671177999952],[-47.85539414899995,-21.484918001999972],[-47.86210942899999,-21.48833489099998],[-47.86347721199997,-21.483489550999934],[-47.85652801499999,-21.480033062999965],[-47.855683726999985,-21.483671177999952]]]},"properties":{"KEY":"2293.951805","id":"87de76d5-db73-4a99-b88e-ac7c672cc84c","FAZENDA":"02293","GLEBA":"09518","QUADRA":"005","__label_r__":0.46156053359435145},"id":"46"},{"type":"Feature","geometry":{"type":"Polygon","coordinates":[[[-47.86346819499993,-21.483702370999936],[-47.86215271399993,-21.48835822499997],[-47.86526293899993,-21.489941715999976],[-47.87093637399993,-21.48723171299997],[-47.864498018999925,-21.484001704999983],[-47.864360530999924,-21.484110960999942],[-47.864239588999965,-21.484081039999964],[-47.86346819499993,-21.483702370999936]]]},"properties":{"KEY":"2293.951806","id":"2124aea5-5738-4872-95c0-8978284f204a","FAZENDA":"02293","GLEBA":"09518","QUADRA":"006","__label_r__":0.464992450757916},"id":"47"},{"type":"Feature","geometry":{"type":"Polygon","coordinates":[[[-47.870988095999955,-21.487257659999955],[-47.86531427699999,-21.489967847999935],[-47.87347116099994,-21.494119447999935],[-47.87541333599995,-21.489477506999947],[-47.870988095999955,-21.487257659999955]]]},"properties":{"KEY":"2293.951807","id":"69aa2ea7-82b1-4e1a-a125-8e4d8831f169","FAZENDA":"02293","GLEBA":"09518","QUADRA":"007","__label_r__":0.4707969310734286},"id":"48"},{"type":"Feature","geometry":{"type":"Polygon","coordinates":[[[-47.88993225599995,-21.448891033999928],[-47.891531783999945,-21.452186061999953],[-47.89163870999994,-21.452340473999982],[-47.891796196999955,-21.452411351999956],[-47.89429661099996,-21.450622158999977],[-47.893619749999964,-21.449409548999938],[-47.89349473399993,-21.449457192999944],[-47.89337884699995,-21.44939012699996],[-47.89353629299995,-21.449260263999975],[-47.89200827299993,-21.446526961999936],[-47.88909780499995,-21.446515550999933],[-47.889158907999956,-21.447041387999946],[-47.88993225599995,-21.448891033999928]]]},"properties":{"KEY":"2294.942002","id":"b3093d00-6b25-4993-a502-8fa1c05c1171","FAZENDA":"02294","GLEBA":"09420","QUADRA":"002","__label_r__":1.0616905925366384},"id":"49"},{"type":"Feature","geometry":{"type":"Polygon","coordinates":[[[-47.89415484599992,-21.45083717999995],[-47.89186699299994,-21.452474269999982],[-47.89536306799993,-21.45962773499997],[-47.895625715999984,-21.45965050899997],[-47.89571169599998,-21.459740850999935],[-47.89571504999998,-21.46007047699993],[-47.89546780599994,-21.460208629999954],[-47.89646160499994,-21.46224898899993],[-47.89754167199993,-21.46181625199995],[-47.897727,-21.461508300999995],[-47.89981113299996,-21.460654853999927],[-47.89480147099993,-21.45152985499992],[-47.89447454399992,-21.451425441999987],[-47.89415484599992,-21.45083717999995]]]},"properties":{"KEY":"2294.942004","id":"fc68b5dc-40e2-4b37-bbdd-848148756ede","FAZENDA":"02294","GLEBA":"09420","QUADRA":"004","__label_r__":1.0687180324245675},"id":"50"},{"type":"Feature","geometry":{"type":"Polygon","coordinates":[[[-47.89382360799992,-21.45669475899996],[-47.891847791999965,-21.45265188199994],[-47.89183467499997,-21.452753914999974],[-47.893759822999975,-21.456694914999957],[-47.89508922799996,-21.45940184899996],[-47.89521102799994,-21.459533546999978],[-47.89382360799992,-21.45669475899996]]]},"properties":{"KEY":"2294.942006","id":"1881e382-f663-4793-80f4-4a6d42691e8f","FAZENDA":"02294","GLEBA":"09420","QUADRA":"006","__label_r__":1.1162100061202809},"id":"51"},{"type":"Feature","geometry":{"type":"Polygon","coordinates":[[[-47.899874096999945,-21.46920618699994],[-47.90222176599997,-21.474031151999952],[-47.90288667899995,-21.47179112699996],[-47.90320462099999,-21.47039185099993],[-47.90323212599997,-21.46884456199996],[-47.90312732599995,-21.467911821999976],[-47.90287187899996,-21.46681141399995],[-47.90246699199997,-21.465704207999977],[-47.899866674999934,-21.460862753999947],[-47.898002566999914,-21.461651993999965],[-47.89771032899994,-21.46194898899995],[-47.89659021799996,-21.462524306999967],[-47.899874096999945,-21.46920618699994]]]},"properties":{"KEY":"2294.952001","id":"0d48237f-30a3-4591-8d6d-9f55898a7e0c","FAZENDA":"02294","GLEBA":"09520","QUADRA":"001","__label_r__":1.1156577452692176},"id":"52"},{"type":"Feature","geometry":{"type":"Polygon","coordinates":[[[-47.89983136799998,-21.46017251799998],[-47.90003537899997,-21.460583495999984],[-47.900027146999946,-21.460738742999993],[-47.89991389799997,-21.46084744199993],[-47.900746368999926,-21.462339292999943],[-47.90467747799994,-21.460506255999974],[-47.90436861399997,-21.45909401199998],[-47.90401156099995,-21.45960127099994],[-47.90327873499996,-21.459746518999964],[-47.903038249999945,-21.459724367999954],[-47.90163115899996,-21.459906683999975],[-47.90116460099995,-21.459833342999957],[-47.90034907199998,-21.459071690999963],[-47.89951326299997,-21.45958350899997],[-47.89983136799998,-21.46017251799998]]]},"properties":{"KEY":"2294.952002","id":"0d444ae8-3fed-4ad4-b615-68ff9860b20d","FAZENDA":"02294","GLEBA":"09520","QUADRA":"002","__label_r__":-0.4363178471235031},"id":"53"},{"type":"Feature","geometry":{"type":"Polygon","coordinates":[[[-47.90305006299996,-21.46476611299994],[-47.90526511699994,-21.463682695999964],[-47.90468635499996,-21.460552315999962],[-47.90076700099996,-21.46238008399996],[-47.90213410099994,-21.46494705299996],[-47.90274812399997,-21.464681876999975],[-47.90305006299996,-21.46476611299994]]]},"properties":{"KEY":"2294.952003","id":"822b9c9c-53ca-4c6b-a76e-2c781ea91393","FAZENDA":"02294","GLEBA":"09520","QUADRA":"003","__label_r__":-0.43636232664011376},"id":"54"},{"type":"Feature","geometry":{"type":"Polygon","coordinates":[[[-47.90264821399995,-21.472757953999974],[-47.90225295799995,-21.474094819999948],[-47.904402883999985,-21.478483346999937],[-47.90455377499995,-21.478358070999946],[-47.90618148999994,-21.472854206999955],[-47.906513123999964,-21.471595796999964],[-47.90667796499996,-21.47063123099997],[-47.906355511999955,-21.469498787999967],[-47.90527338399995,-21.463729558999944],[-47.90227167799997,-21.465197726999975],[-47.902672235999944,-21.46605607999993],[-47.902918452999984,-21.466799747999957],[-47.90317489999994,-21.467904425999947],[-47.90328028199996,-21.468842165999945],[-47.90325250899997,-21.470397178999946],[-47.90264821399995,-21.472757953999974]]]},"properties":{"KEY":"2294.952004","id":"f9cdd76e-fb1f-4d60-b799-f6e7eba77e5f","FAZENDA":"02294","GLEBA":"09520","QUADRA":"004","__label_r__":-1.5686922718640686},"id":"55"},{"type":"Feature","geometry":{"type":"Polygon","coordinates":[[[-47.90603867799996,-21.473502964999966],[-47.90502965899998,-21.476917009999966],[-47.90462005199998,-21.47830304599995],[-47.90635496599998,-21.476835181999945],[-47.90649464399997,-21.47644157999997],[-47.90660368299996,-21.476380985999995],[-47.90677963599996,-21.476440320999927],[-47.90757647499999,-21.47569940799997],[-47.907719030999935,-21.475413705999927],[-47.90791357499994,-21.47538507699994],[-47.90959593399997,-21.473801477999928],[-47.90671855099998,-21.47069152599994],[-47.90645395699994,-21.472046203999994],[-47.90603867799996,-21.473502964999966]]]},"properties":{"KEY":"2294.952005","id":"902f81b3-908f-4745-b430-a49e3a162542","FAZENDA":"02294","GLEBA":"09520","QUADRA":"005","__label_r__":-1.3017790895175863},"id":"56"},{"type":"Feature","geometry":{"type":"Polygon","coordinates":[[[-47.87971883799996,-21.435328160999973],[-47.884692980999944,-21.445442235999963],[-47.88509996099997,-21.44507475099995],[-47.88544685899996,-21.444386083999973],[-47.88595483199998,-21.443010599999965],[-47.88600575199994,-21.44259435899994],[-47.88596072999996,-21.442247748999932],[-47.88171954799998,-21.433517716999972],[-47.87971883799996,-21.435328160999973]]]},"properties":{"KEY":"2643.992201","id":"51916f07-b9b9-4926-817c-7234576dbdbb","FAZENDA":"02643","GLEBA":"09922","QUADRA":"001","__label_r__":1.1185608389274126},"id":"82"},{"type":"Feature","geometry":{"type":"Polygon","coordinates":[[[-47.87770619499998,-21.43714932499995],[-47.88230318799998,-21.44650340999995],[-47.884600497999934,-21.445512744999974],[-47.88465439399994,-21.44547165499995],[-47.87968212499994,-21.43536138199994],[-47.87770619499998,-21.43714932499995]]]},"properties":{"KEY":"2643.992202","id":"93fd957b-5e7c-417a-b1cb-6e18a65a65b7","FAZENDA":"02643","GLEBA":"09922","QUADRA":"002","__label_r__":1.113727284307025},"id":"83"},{"type":"Feature","geometry":{"type":"Polygon","coordinates":[[[-47.875717307999935,-21.438948921999966],[-47.88001134699993,-21.44748680499997],[-47.88225937799996,-21.44652220899995],[-47.877669477999966,-21.437182548999928],[-47.875717307999935,-21.438948921999966]]]},"properties":{"KEY":"2643.992203","id":"cfa2fa96-dece-46ff-a126-22d54e1d3bad","FAZENDA":"02643","GLEBA":"09922","QUADRA":"003","__label_r__":1.114018629424217},"id":"84"},{"type":"Feature","geometry":{"type":"Polygon","coordinates":[[[-47.87641173599995,-21.445690722999927],[-47.87656889699997,-21.445862230999992],[-47.87656785399996,-21.44596022299993],[-47.876318166999965,-21.446562399999934],[-47.87630190699996,-21.44752843899994],[-47.87761243299995,-21.448516091999977],[-47.879967533999945,-21.447505602999954],[-47.878269745999944,-21.44412998599995],[-47.87733733299995,-21.443986017999976],[-47.877407791999985,-21.44422908999995],[-47.87736692699997,-21.44451212499996],[-47.87643977999994,-21.445372315999975],[-47.87635639499996,-21.445527851999927],[-47.87641173599995,-21.445690722999927]]]},"properties":{"KEY":"2643.992204","id":"16b61f06-6d6c-4edf-bb0e-9d13bf73e7a4","FAZENDA":"02643","GLEBA":"09922","QUADRA":"004","__label_r__":1.10478643694153},"id":"85"},{"type":"Feature","geometry":{"type":"Polygon","coordinates":[[[-47.868790968999974,-21.43727079199995],[-47.86800495699997,-21.43853484999994],[-47.869554118999986,-21.439011903999983],[-47.870102644999974,-21.43937551299996],[-47.87076438999997,-21.439960833999976],[-47.87157119099992,-21.440015449999976],[-47.87170661899995,-21.440077496999947],[-47.87231837499996,-21.440688929999965],[-47.872775805999936,-21.440916211999934],[-47.87337081999993,-21.440986564999946],[-47.87418771999994,-21.441224095999914],[-47.87509232799994,-21.44114147199997],[-47.87541875199996,-21.44146955999996],[-47.87641763999994,-21.443088960999944],[-47.87675120399996,-21.443314125999947],[-47.87719542399998,-21.443884638999975],[-47.878244811999934,-21.44408040899998],[-47.872335448999934,-21.432329986999946],[-47.87207565399995,-21.433272205999984],[-47.868790968999974,-21.43727079199995]]]},"properties":{"KEY":"2643.992206","id":"3dd1502c-7d55-4fb8-bea8-9ff0f4dbcf03","FAZENDA":"02643","GLEBA":"09922","QUADRA":"006","__label_r__":1.1048262629682788},"id":"86"},{"type":"Feature","geometry":{"type":"Polygon","coordinates":[[[-47.87728807099995,-21.43640234399993],[-47.87370038599994,-21.429062976999944],[-47.87235437199995,-21.432261697999934],[-47.87569562099998,-21.43890579999993],[-47.877612365999944,-21.43717148099995],[-47.87728807099995,-21.43640234399993]]]},"properties":{"KEY":"2643.992207","id":"091939be-cf89-4a0c-9c29-976358d72152","FAZENDA":"02643","GLEBA":"09922","QUADRA":"007","__label_r__":1.1161265362608357},"id":"87"},{"type":"Feature","geometry":{"type":"Polygon","coordinates":[[[-47.87732817099991,-21.436376028999987],[-47.877414085999916,-21.436319642999933],[-47.877540081999925,-21.43634941199997],[-47.877853420999934,-21.436953365999955],[-47.87966076999993,-21.435317958999974],[-47.87643011999995,-21.428700997999968],[-47.87620856299997,-21.42895426499996],[-47.87622180299996,-21.429186195999932],[-47.876152349999984,-21.429269061999932],[-47.87604105799993,-21.429216077999968],[-47.87592433199994,-21.428979114999947],[-47.87574786099997,-21.427573426999956],[-47.875562686999956,-21.42674361099995],[-47.87536053099994,-21.424930398999933],[-47.87372437999993,-21.429003646999945],[-47.87732817099991,-21.436376028999987]]]},"properties":{"KEY":"2643.992208","id":"e0ee50a4-d08b-4b6b-84ff-6cd95e5d079c","FAZENDA":"02643","GLEBA":"09922","QUADRA":"008","__label_r__":1.178296873365396},"id":"88"},{"type":"Feature","geometry":{"type":"Polygon","coordinates":[[[-47.87646263899995,-21.428659080999978],[-47.87969758899992,-21.435284641999942],[-47.881698262999976,-21.433474230999934],[-47.87821166099995,-21.426350836999973],[-47.87755065199997,-21.426899023999965],[-47.87733248999995,-21.42717748099996],[-47.876776113999924,-21.428262274999952],[-47.87646263899995,-21.428659080999978]]]},"properties":{"KEY":"2643.992209","id":"ca45fb8a-a866-440c-8e50-cec70eda57cb","FAZENDA":"02643","GLEBA":"09922","QUADRA":"009","__label_r__":1.1156178491357847},"id":"89"},{"type":"Feature","geometry":{"type":"Polygon","coordinates":[[[-47.87308012399995,-21.448728009999968],[-47.872221940999964,-21.450712343999967],[-47.871873149999935,-21.45092496899997],[-47.87107746299994,-21.45119023899997],[-47.87096999199997,-21.451307376999992],[-47.87096774499996,-21.45141644399996],[-47.87760557099993,-21.448568667999965],[-47.87624667099993,-21.447503547999915],[-47.875225466999936,-21.447373468999956],[-47.874816879999955,-21.447411743999965],[-47.87415857399996,-21.447619134999968],[-47.87352667599997,-21.447314373999973],[-47.87339942699997,-21.447533676999953],[-47.87344763899995,-21.447820781999965],[-47.87414412499993,-21.448045970999942],[-47.87420465199995,-21.44818806799998],[-47.873837283999926,-21.44862425499997],[-47.873724998999926,-21.448663543999928],[-47.87337357399997,-21.448051166999974],[-47.87310816899998,-21.44803666399997],[-47.87304985099996,-21.448194397999927],[-47.87308012399995,-21.448728009999968]]]},"properties":{"KEY":"2643.992210","id":"bf0deb44-f53a-4676-9a97-7545ae75953c","FAZENDA":"02643","GLEBA":"09922","QUADRA":"010","__label_r__":-0.40527271191885234},"id":"90"},{"type":"Feature","geometry":{"type":"Polygon","coordinates":[[[-47.88749937299997,-21.465846743999975],[-47.89179360899993,-21.46712845199994],[-47.89251155099997,-21.466327536999927],[-47.892441915999946,-21.466220808999935],[-47.89279185699996,-21.46537719699994],[-47.88642242699996,-21.457651816999956],[-47.886498108999945,-21.458843472999945],[-47.886958019999945,-21.460442072999967],[-47.88724806099997,-21.46102658299999],[-47.888270459999944,-21.462421995999946],[-47.888498332999966,-21.463079995999976],[-47.88847876499995,-21.463930605999963],[-47.88829685899998,-21.46464040499994],[-47.88797351899996,-21.465284261999955],[-47.88749937299997,-21.465846743999975]]]},"properties":{"KEY":"2726.952601","id":"05ab3580-24d4-4a81-823f-ded0d2f644b3","FAZENDA":"02726","GLEBA":"09526","QUADRA":"001","__label_r__":0.8813050995137521},"id":"91"},{"type":"Feature","geometry":{"type":"Polygon","coordinates":[[[-47.88807302999993,-21.46499089599996],[-47.88839426299995,-21.464124724999976],[-47.888450639999974,-21.46308717599993],[-47.88822764399997,-21.462442828999926],[-47.887206439999936,-21.461049363999976],[-47.886912707999954,-21.460457471999987],[-47.88651263499996,-21.45916803399996],[-47.88640003799998,-21.458442292999962],[-47.886375177999966,-21.45759436799993],[-47.88631530599997,-21.457521572999937],[-47.88399998799997,-21.459756155999955],[-47.885028366999954,-21.46319231299998],[-47.88501196599997,-21.463586848999967],[-47.88470436199997,-21.463872228999946],[-47.884314576999934,-21.464053745999948],[-47.88328862399994,-21.46427500099996],[-47.88244504599992,-21.46436527299994],[-47.88720320799996,-21.465760005999982],[-47.88778399499995,-21.465098057999967],[-47.88807302999993,-21.46499089599996]]]},"properties":{"KEY":"2726.952602","id":"8b68a27b-383e-4f6e-8f8f-338ff9dde5c2","FAZENDA":"02726","GLEBA":"09526","QUADRA":"002","__label_r__":-1.2454241565186073},"id":"92"},{"type":"Feature","geometry":{"type":"Polygon","coordinates":[[[-47.881080544999975,-21.46260796499996],[-47.87999949999994,-21.463653161999957],[-47.88231300499995,-21.464326675999942],[-47.88315110999995,-21.464251351999962],[-47.884176264999944,-21.464045002999967],[-47.88456963599996,-21.463898770999947],[-47.88486959999994,-21.46368225699996],[-47.885000145999975,-21.46350050799998],[-47.88499101699995,-21.46324158599998],[-47.88396092099997,-21.45979375299993],[-47.881080544999975,-21.46260796499996]]]},"properties":{"KEY":"2726.952603","id":"3575fe3b-da32-490a-8ade-508555709ce5","FAZENDA":"02726","GLEBA":"09526","QUADRA":"003","__label_r__":-0.7723552746908163},"id":"93"},{"type":"Feature","geometry":{"type":"Polygon","coordinates":[[[-47.87839968699994,-21.465210010999954],[-47.87749820599998,-21.46608706099994],[-47.87853708899996,-21.466467164999983],[-47.87987052899996,-21.46716024999995],[-47.88046160499994,-21.467329889999974],[-47.881060379999944,-21.467388625999945],[-47.884157828999946,-21.46717084499994],[-47.88606904299997,-21.46547474799995],[-47.879962119999966,-21.463689651999985],[-47.87839968699994,-21.465210010999954]]]},"properties":{"KEY":"2726.952604","id":"42852e72-7a5a-41f3-a4ff-582c8dddf9cc","FAZENDA":"02726","GLEBA":"09526","QUADRA":"004","__label_r__":0.28438408728561315},"id":"94"},{"type":"Feature","geometry":{"type":"Polygon","coordinates":[[[-47.87713424799995,-21.468135235999966],[-47.877321587999965,-21.468623159999936],[-47.87783142099994,-21.468909852999957],[-47.87794547799996,-21.469079409999964],[-47.87800370299994,-21.46954882999995],[-47.87779460399997,-21.46985168899994],[-47.87947836699992,-21.471306586999944],[-47.88412703699997,-21.46722484999995],[-47.88155421099998,-21.467431081999962],[-47.88045298599996,-21.467374294999956],[-47.87965927699997,-21.467121308999936],[-47.87810596099996,-21.466339959999956],[-47.87824609399996,-21.466558977999966],[-47.87820355299993,-21.466632977999964],[-47.878110228999965,-21.466632858999958],[-47.877917623999956,-21.46646917299995],[-47.87801671399994,-21.46630655699994],[-47.87746133799993,-21.466123240999934],[-47.875782699999945,-21.467739768999934],[-47.875391479999955,-21.46825197299995],[-47.87620739699997,-21.468774847999953],[-47.87620035899994,-21.468599922999942],[-47.87649659499994,-21.468219338999972],[-47.876877173999944,-21.468044223999982],[-47.87713424799995,-21.468135235999966]]]},"properties":{"KEY":"2726.952605","id":"1fc4959a-08a7-4ffd-8e08-ceec69a43f68","FAZENDA":"02726","GLEBA":"09526","QUADRA":"005","__label_r__":-0.7205514605827985},"id":"95"},{"type":"Feature","geometry":{"type":"Polygon","coordinates":[[[-47.88420450299997,-21.46721868899995],[-47.87951369099993,-21.471337431999928],[-47.88139529899996,-21.47298048099998],[-47.88897391199998,-21.466325857999948],[-47.88612144699992,-21.46549013399995],[-47.88420450299997,-21.46721868899995]]]},"properties":{"KEY":"2726.952606","id":"4d5da066-5541-4018-8295-2e8df190fc07","FAZENDA":"02726","GLEBA":"09526","QUADRA":"006","__label_r__":-0.7205713540524097},"id":"96"},{"type":"Feature","geometry":{"type":"Polygon","coordinates":[[[-47.88902670899995,-21.46634135899994],[-47.881430623999954,-21.473011325999934],[-47.88326750199997,-21.47461526199993],[-47.89175376199994,-21.467163510999967],[-47.88902670899995,-21.46634135899994]]]},"properties":{"KEY":"2726.952607","id":"efe9368d-59d4-47ca-bd77-b7030d56528b","FAZENDA":"02726","GLEBA":"09526","QUADRA":"007","__label_r__":-0.7205808009007952},"id":"97"},{"type":"Feature","geometry":{"type":"Polygon","coordinates":[[[-47.892297036999935,-21.48501053299998],[-47.891996914999936,-21.485701798999983],[-47.89191170299995,-21.48683266599997],[-47.89150014799998,-21.48778306099996],[-47.89124567799996,-21.489774332999957],[-47.89795225399995,-21.483983956999978],[-47.89689575799997,-21.48319489399995],[-47.89622587799994,-21.48248781599993],[-47.89553625599996,-21.48146435499997],[-47.89500489399995,-21.48016855499999],[-47.89437665899992,-21.47967373199998],[-47.89417041399997,-21.479738450999932],[-47.894081461999974,-21.479996353999994],[-47.894131969999926,-21.481762879999962],[-47.89401097399996,-21.482206127999973],[-47.893089098999944,-21.48402566099999],[-47.89250410399994,-21.484639252999955],[-47.892297036999935,-21.48501053299998]]]},"properties":{"KEY":"2726.952801","id":"72a6aa47-2650-470a-a7e5-ab0969f2ceaa","FAZENDA":"02726","GLEBA":"09528","QUADRA":"001","__label_r__":-0.7122152167421402},"id":"98"},{"type":"Feature","geometry":{"type":"Polygon","coordinates":[[[-47.89530058299992,-21.48086062999994],[-47.895774056999976,-21.481777077999936],[-47.896505702999946,-21.48274100099998],[-47.89713510399996,-21.483340624999983],[-47.89798860999997,-21.483952565999985],[-47.90114391199995,-21.481228038999973],[-47.90044587199997,-21.480350328999975],[-47.89986954199997,-21.47935538699994],[-47.89955810099997,-21.479623856999964],[-47.898862330999975,-21.47989488999997],[-47.89744323099994,-21.48016942199996],[-47.89702445899995,-21.480318394999927],[-47.89590568199998,-21.48022549199993],[-47.895249883999945,-21.48027398299996],[-47.89506969699995,-21.480216550999955],[-47.89530058299992,-21.48086062999994]]]},"properties":{"KEY":"2726.952802","id":"5469f289-757e-44bd-b546-9519c8a8d851","FAZENDA":"02726","GLEBA":"09528","QUADRA":"002","__label_r__":0.9215413352471513},"id":"99"},{"type":"Feature","geometry":{"type":"Polygon","coordinates":[[[-47.90008581799998,-21.47502044199996],[-47.90022165799996,-21.475111764999937],[-47.90059658699994,-21.475618855999983],[-47.90093621699997,-21.476380828999936],[-47.90098494699998,-21.477614866999957],[-47.900948145999955,-21.477836516999957],[-47.900408263999964,-21.478482373999967],[-47.90016125999995,-21.478976471999957],[-47.899903740999946,-21.47931542699996],[-47.900360563999975,-21.480140715999937],[-47.90117940799996,-21.481197389999963],[-47.90390971099999,-21.478839696999955],[-47.901476158999955,-21.47385621999996],[-47.89955327999996,-21.47468534199993],[-47.90008581799998,-21.47502044199996]]]},"properties":{"KEY":"2726.952803","id":"21f7c78c-a14e-43d8-9715-e0facd42fcbb","FAZENDA":"02726","GLEBA":"09528","QUADRA":"003","__label_r__":1.1165329787116243},"id":"100"},{"type":"Feature","geometry":{"type":"Polygon","coordinates":[[[-47.89719527199996,-21.471810485999967],[-47.897362804999936,-21.472846476999962],[-47.89724727699995,-21.473316129999944],[-47.89702984099995,-21.473800496999957],[-47.89707840199998,-21.47393981099998],[-47.89874213599995,-21.474259622999952],[-47.89950575699998,-21.47465615699997],[-47.90145612199994,-21.473815184999964],[-47.899440228999936,-21.469696259999964],[-47.89909066599995,-21.46929115399996],[-47.898439360999916,-21.468795634999935],[-47.89760595399996,-21.468444278999982],[-47.89674344599996,-21.46831397699998],[-47.89585837999993,-21.468413417999955],[-47.89543151699995,-21.468666669999962],[-47.894352837999975,-21.469618710999953],[-47.89546559099995,-21.470125753999994],[-47.89613681499998,-21.470567840999934],[-47.89656165699994,-21.47058955899996],[-47.89671072099998,-21.470667966999926],[-47.89703402899994,-21.471186402999933],[-47.89719527199996,-21.471810485999967]]]},"properties":{"KEY":"2726.952804","id":"02efbd54-2b01-4808-8773-c833e4e41e31","FAZENDA":"02726","GLEBA":"09528","QUADRA":"004","__label_r__":1.0080678656964743},"id":"101"},{"type":"Feature","geometry":{"type":"Polygon","coordinates":[[[-47.89316987899996,-21.465680349999957],[-47.891853341999926,-21.467162583999936],[-47.89431958699998,-21.469586038999978],[-47.895609033999946,-21.46848118399994],[-47.89592841399996,-21.46834608799996],[-47.89652420399994,-21.468269687999964],[-47.89727395199996,-21.46832262099997],[-47.89804957499995,-21.468550445999938],[-47.898732594999956,-21.468930678999982],[-47.89933922899996,-21.46949017299994],[-47.89600348399995,-21.46268324899995],[-47.895567272999976,-21.46298323299993],[-47.89316987899996,-21.465680349999957]]]},"properties":{"KEY":"2726.952805","id":"fa8d451a-0f89-423b-9d18-af682bf75def","FAZENDA":"02726","GLEBA":"09528","QUADRA":"005","__label_r__":1.1151389460974936},"id":"102"},{"type":"Feature","geometry":{"type":"Polygon","coordinates":[[[-47.88982655299998,-21.47291389299994],[-47.889873522999956,-21.472556965999956],[-47.890518492999945,-21.471337917999975],[-47.89103448499998,-21.470653296999956],[-47.891471078999984,-21.470265976999954],[-47.892241257999956,-21.469853112999942],[-47.893353101999935,-21.46953033999995],[-47.89427627199995,-21.469608889999947],[-47.89181821999995,-21.46719348499994],[-47.88336037999995,-21.474624523999978],[-47.88417982899995,-21.47457820999992],[-47.88545777499996,-21.47463187799997],[-47.887094000999966,-21.474969722999973],[-47.888378727999964,-21.474148836999973],[-47.88982655299998,-21.47291389299994]]]},"properties":{"KEY":"2726.952806","id":"3d70aa52-5c59-4a88-af35-49fe917066d9","FAZENDA":"02726","GLEBA":"09528","QUADRA":"006","__label_r__":-0.720864021002652},"id":"103"},{"type":"Feature","geometry":{"type":"Polygon","coordinates":[[[-47.88716840399996,-21.474983385999963],[-47.88752136599992,-21.475100354999938],[-47.887863772999935,-21.475407934999964],[-47.88879895599995,-21.47664577699993],[-47.88906024099998,-21.478947398999935],[-47.88913799199996,-21.47898820599994],[-47.89005946599997,-21.47601286699995],[-47.889824713999985,-21.474077225999963],[-47.88982998799997,-21.472973468999953],[-47.88840911899996,-21.474183857999932],[-47.88716840399996,-21.474983385999963]]]},"properties":{"KEY":"2726.952807","id":"051a1a1f-fac5-4d2f-9984-9a8b06bb3d8b","FAZENDA":"02726","GLEBA":"09528","QUADRA":"007","__label_r__":1.495438165449522},"id":"104"},{"type":"Feature","geometry":{"type":"Polygon","coordinates":[[[-47.882251232999984,-21.492938154999933],[-47.88232029499993,-21.492840370999943],[-47.883038984999985,-21.49282958999993],[-47.88468896799997,-21.489814465999928],[-47.87527784099997,-21.489969989999963],[-47.87398481999997,-21.493066732999978],[-47.882251232999984,-21.492938154999933]]]},"properties":{"KEY":"2726.981801","id":"108a163f-9bde-4459-8eec-7214a1462980","FAZENDA":"02726","GLEBA":"09818","QUADRA":"001","__label_r__":-0.016524040618567246},"id":"105"},{"type":"Feature","geometry":{"type":"Polygon","coordinates":[[[-47.88226008099997,-21.49298313999998],[-47.87396578699998,-21.49311215199998],[-47.87204609099996,-21.497708889999956],[-47.88173908199996,-21.495207066999967],[-47.88291349699994,-21.493059107999954],[-47.88227693599998,-21.493068838999932],[-47.88226008099997,-21.49298313999998]]]},"properties":{"KEY":"2726.981802","id":"372cd112-6b01-4388-9913-247906491212","FAZENDA":"02726","GLEBA":"09818","QUADRA":"002","__label_r__":-0.25259354287722174},"id":"106"},{"type":"Feature","geometry":{"type":"Polygon","coordinates":[[[-47.88359287299994,-21.491915565999932],[-47.88180221299995,-21.495190648999937],[-47.88759228699995,-21.493689142999983],[-47.888322105999976,-21.493403525999952],[-47.88850177099994,-21.493258090999973],[-47.88935737499996,-21.491814212999927],[-47.88961528699997,-21.490236207999942],[-47.88979563399993,-21.489849821999954],[-47.884743567999976,-21.48981372399993],[-47.88359287299994,-21.491915565999932]]]},"properties":{"KEY":"2726.981803","id":"6c08cff7-cf8f-482e-8c61-55cbf2183e82","FAZENDA":"02726","GLEBA":"09818","QUADRA":"003","__label_r__":-0.2537348959723369},"id":"107"},{"type":"Feature","geometry":{"type":"Polygon","coordinates":[[[-47.883129144999934,-21.486488478999945],[-47.88407470299995,-21.489143223999974],[-47.88436131999997,-21.489548691999985],[-47.884763722999935,-21.48976832799997],[-47.88981876699995,-21.48980480299997],[-47.89003630799992,-21.48930873699993],[-47.89048955199996,-21.487815051999974],[-47.89044618099996,-21.48617988099994],[-47.89035470299994,-21.485684379999952],[-47.88999304599998,-21.484958734999964],[-47.889776670999936,-21.485110089999978],[-47.88975058999995,-21.48493066599997],[-47.88994271299998,-21.484849608999994],[-47.88987195699997,-21.484745071999953],[-47.88879395899994,-21.484049347999928],[-47.88837874099994,-21.48388870199993],[-47.888337837999984,-21.48453387499994],[-47.88828508899995,-21.484502653999982],[-47.88821359799993,-21.484270187999982],[-47.888234386999954,-21.483827969999936],[-47.88778026799997,-21.483586928999955],[-47.88771250999997,-21.48336301999997],[-47.88752611499995,-21.483161872999986],[-47.88648398499998,-21.48237117599996],[-47.88557421199993,-21.482222827999976],[-47.88483650299997,-21.48194964799997],[-47.88478582299995,-21.48319903299995],[-47.88445560599996,-21.48450128099995],[-47.88379599299998,-21.485813080999947],[-47.88341540999994,-21.48633870699996],[-47.883129144999934,-21.486488478999945]]]},"properties":{"KEY":"2726.981804","id":"64c5a7ee-d4dc-471c-8af8-dddf971e9e99","FAZENDA":"02726","GLEBA":"09818","QUADRA":"004","__label_r__":-1.2110030110516143},"id":"108"},{"type":"Feature","geometry":{"type":"Polygon","coordinates":[[[-47.87659704099997,-21.486807169999963],[-47.87529703899997,-21.489924549999955],[-47.884665083999934,-21.48976966799995],[-47.88427471999994,-21.48953266899997],[-47.88403061299992,-21.489161661999958],[-47.882531314999945,-21.484933466999962],[-47.878447078999955,-21.48499921499996],[-47.87824038999998,-21.48516548899994],[-47.87726378599995,-21.48520485199998],[-47.87659704099997,-21.486807169999963]]]},"properties":{"KEY":"2726.981805","id":"23c2fa18-750a-4d25-883d-90b8fd23375b","FAZENDA":"02726","GLEBA":"09818","QUADRA":"005","__label_r__":-0.016531505824118956},"id":"109"},{"type":"Feature","geometry":{"type":"Polygon","coordinates":[[[-47.87829335599997,-21.482764238999934],[-47.877379639999944,-21.484930222999935],[-47.88251569799996,-21.48488859799994],[-47.88018960799997,-21.478210729999944],[-47.87829335599997,-21.482764238999934]]]},"properties":{"KEY":"2726.981806","id":"975a72c8-c90b-4ef4-854c-5e5c4119ca5d","FAZENDA":"02726","GLEBA":"09818","QUADRA":"006","__label_r__":1.5626920396772381},"id":"110"},{"type":"Feature","geometry":{"type":"Polygon","coordinates":[[[-47.88311382899996,-21.486445091999926],[-47.88337891199995,-21.48630909299993],[-47.88375483499993,-21.485789585999953],[-47.88441000099993,-21.484486639999943],[-47.88473806699994,-21.48319280999992],[-47.88478662399996,-21.481923972999937],[-47.88460836099995,-21.48180393299998],[-47.88378554499997,-21.480330338999977],[-47.88330159299993,-21.479934921999927],[-47.882572915999965,-21.47912727599993],[-47.88197432899993,-21.477678373999936],[-47.880955952999955,-21.47668811999995],[-47.88068331999993,-21.47701764699997],[-47.88021692999996,-21.47814361199994],[-47.88311382899996,-21.486445091999926]]]},"properties":{"KEY":"2726.981807","id":"1d678748-edc5-4099-98c1-a5d85e78fed3","FAZENDA":"02726","GLEBA":"09818","QUADRA":"007","__label_r__":1.2350467497484168},"id":"111"},{"type":"Feature","geometry":{"type":"Polygon","coordinates":[[[-47.90385890099998,-21.41519906799992],[-47.90516818199995,-21.415229100999966],[-47.90868733899998,-21.416044819999968],[-47.91141106999998,-21.416881861999954],[-47.914885478999956,-21.418338880999954],[-47.913197984999954,-21.41317314099996],[-47.91232633999992,-21.412376851999966],[-47.91124601299998,-21.412022528999955],[-47.90936386799994,-21.41181471499995],[-47.90860798599993,-21.411861064999968],[-47.90808467199997,-21.41197955199995],[-47.90762884499997,-21.411918551999975],[-47.90721180899992,-21.411735987999975],[-47.90604409199993,-21.41098927999998],[-47.90490199499992,-21.410528900999964],[-47.904395337999965,-21.41039013799997],[-47.903572815999944,-21.410317771999928],[-47.90258830599998,-21.41032488099995],[-47.90204648499997,-21.41023250999997],[-47.90043204199998,-21.41038746099997],[-47.90018451399993,-21.410503285999937],[-47.90007399799998,-21.41066727599997],[-47.90012340699995,-21.410839514999964],[-47.902239772999955,-21.412168559999955],[-47.90252470799993,-21.412464777999944],[-47.90277482999994,-21.413054041999942],[-47.90295263599995,-21.41518218799996],[-47.90380993599995,-21.415043188999974],[-47.90385890099998,-21.41519906799992]]]},"properties":{"KEY":"2736.959001","id":"5aef3e35-6eba-4f13-aab8-fbc0aa54fbba","FAZENDA":"02736","GLEBA":"09590","QUADRA":"001","__label_r__":0.25861419814890674},"id":"112"},{"type":"Feature","geometry":{"type":"Polygon","coordinates":[[[-47.89807111999992,-21.414271877999965],[-47.898121037999935,-21.414696891999924],[-47.898274196999985,-21.415045698999947],[-47.89822370899998,-21.41537164799996],[-47.897937842999966,-21.41591492899994],[-47.89752196299997,-21.416048647999958],[-47.897363707999936,-21.416280563999976],[-47.89702910199996,-21.417726633999948],[-47.897101193999944,-21.419384673999957],[-47.897221472999945,-21.420144662999988],[-47.89737229699995,-21.420612049999917],[-47.90121299899994,-21.41931275099995],[-47.90119011199992,-21.41911201799998],[-47.901362764999924,-21.418185112999936],[-47.90194382499992,-21.41626748299994],[-47.902324769999936,-21.415696890999982],[-47.90291887799997,-21.415369639999923],[-47.90272725999994,-21.413062555999943],[-47.90248359099996,-21.412488486999962],[-47.90220659099997,-21.412202046999937],[-47.90012505899993,-21.410894877999965],[-47.899749387999975,-21.41220921999998],[-47.899576266999986,-21.412565360999963],[-47.89867000599996,-21.41340313299996],[-47.89807111999992,-21.414271877999965]]]},"properties":{"KEY":"2736.959002","id":"1b49ebd2-764d-42fc-89d1-8e6b363bbbc0","FAZENDA":"02736","GLEBA":"09590","QUADRA":"002","__label_r__":-1.16248701094051},"id":"113"},{"type":"Feature","geometry":{"type":"Polygon","coordinates":[[[-47.90190819199994,-21.427618580999948],[-47.90267191799995,-21.437792067999965],[-47.905397645999976,-21.436631532999954],[-47.90461515399994,-21.43530825499994],[-47.90437408199994,-21.43441007399997],[-47.90292241999999,-21.415415757999938],[-47.90235837899995,-21.415729381999938],[-47.90198888299994,-21.416283607999958],[-47.90148891599994,-21.417874674999936],[-47.90124063799993,-21.419140994999964],[-47.90190819199994,-21.427618580999948]]]},"properties":{"KEY":"2736.959003","id":"65d03f01-c522-42ab-81ec-63da174bd781","FAZENDA":"02736","GLEBA":"09590","QUADRA":"003","__label_r__":1.4942066162075434},"id":"114"},{"type":"Feature","geometry":{"type":"Polygon","coordinates":[[[-47.91526133699995,-21.427260232999984],[-47.91719042199996,-21.425394265999955],[-47.91490449999998,-21.418397106999976],[-47.911869599999925,-21.41711115499993],[-47.914923586999976,-21.426476314999945],[-47.915028657999976,-21.42655616899998],[-47.91526133699995,-21.427260232999984]]]},"properties":{"KEY":"2736.959005","id":"33a508c9-bb27-4429-8f76-a200c1c5a7d5","FAZENDA":"02736","GLEBA":"09590","QUADRA":"005","__label_r__":1.2555690338588388},"id":"115"},{"type":"Feature","geometry":{"type":"Polygon","coordinates":[[[-47.91489101899997,-21.426530942999932],[-47.91181180799998,-21.417088423999928],[-47.91058123199997,-21.41663392499993],[-47.90890891799995,-21.416155893999928],[-47.91320114599994,-21.429252932999944],[-47.915105531999984,-21.427410936999934],[-47.91483595599993,-21.42662329999996],[-47.91489101899997,-21.426530942999932]]]},"properties":{"KEY":"2736.959006","id":"85d916ba-6dba-4aa2-baad-3d1d576d5198","FAZENDA":"02736","GLEBA":"09590","QUADRA":"006","__label_r__":1.254101674427298},"id":"116"},{"type":"Feature","geometry":{"type":"Polygon","coordinates":[[[-47.91521500899994,-21.427369915999975],[-47.91667002599996,-21.431831384999953],[-47.91897307099997,-21.430850533999944],[-47.91720652699996,-21.425443559999977],[-47.91521500899994,-21.427369915999975]]]},"properties":{"KEY":"2736.959007","id":"45151abd-9d51-41ae-b31e-ebe06831622f","FAZENDA":"02736","GLEBA":"09590","QUADRA":"007","__label_r__":1.2550133014407385},"id":"117"},{"type":"Feature","geometry":{"type":"Polygon","coordinates":[[[-47.913217292999946,-21.429302184999983],[-47.91436788199998,-21.43281180499997],[-47.91662578399996,-21.431850225999938],[-47.91517670599995,-21.427406963999942],[-47.913217292999946,-21.429302184999983]]]},"properties":{"KEY":"2736.959008","id":"40ab0c78-d17e-4a9f-bd5d-9a76b4c07e5c","FAZENDA":"02736","GLEBA":"09590","QUADRA":"008","__label_r__":1.2539991333625276},"id":"118"},{"type":"Feature","geometry":{"type":"Polygon","coordinates":[[[-47.910869827999925,-21.431572639999942],[-47.911652011999934,-21.433968358999948],[-47.91432364899998,-21.432830641999942],[-47.91317902099996,-21.429339201999937],[-47.910869827999925,-21.431572639999942]]]},"properties":{"KEY":"2736.959023","id":"80a3c1fe-1b36-45d3-9f1c-0ca4209782a7","FAZENDA":"02736","GLEBA":"09590","QUADRA":"023","__label_r__":1.2539993645110528},"id":"119"},{"type":"Feature","geometry":{"type":"Polygon","coordinates":[[[-47.90883191299998,-21.425330490999954],[-47.91085373199995,-21.431523339999956],[-47.91316287399996,-21.42928994999994],[-47.91108073799994,-21.422938490999968],[-47.90875727299992,-21.424337545999947],[-47.90899523099994,-21.42515328199994],[-47.90883191299998,-21.425330490999954]]]},"properties":{"KEY":"2736.959024","id":"48cf8676-fa91-4c00-ba9f-9c0fb232dacb","FAZENDA":"02736","GLEBA":"09590","QUADRA":"024","__label_r__":1.2552296613739955},"id":"120"},{"type":"Feature","geometry":{"type":"Polygon","coordinates":[[[-47.90557542599997,-21.41535493799995],[-47.90853410099993,-21.424418252999942],[-47.91106604899994,-21.422893678999984],[-47.90885326899996,-21.416139854999983],[-47.90557542599997,-21.41535493799995]]]},"properties":{"KEY":"2736.959025","id":"5a61c674-018b-4541-9a9b-c7b7b781fe38","FAZENDA":"02736","GLEBA":"09590","QUADRA":"025","__label_r__":1.2552579171295013},"id":"121"},{"type":"Feature","geometry":{"type":"Polygon","coordinates":[[[-47.90359198399995,-21.423369080999976],[-47.90388908499994,-21.427235648999954],[-47.90849198899997,-21.42444360299993],[-47.90552141599994,-21.415343827999948],[-47.905160224999975,-21.415273611999964],[-47.903943647999924,-21.41523768299993],[-47.90296972099998,-21.41540258299996],[-47.90359198399995,-21.423369080999976]]]},"properties":{"KEY":"2736.959026","id":"f8360eff-a115-413c-a8e6-7d3a0107f232","FAZENDA":"02736","GLEBA":"09590","QUADRA":"026","__label_r__":1.4932576079138784},"id":"122"},{"type":"Feature","geometry":{"type":"Polygon","coordinates":[[[-47.90599363599995,-21.42600145399996],[-47.907498963999956,-21.43063384499993],[-47.908421955999984,-21.430331249999938],[-47.909305247999946,-21.43302096399998],[-47.91081543499996,-21.43156037999995],[-47.90850662299993,-21.42448843099993],[-47.90599363599995,-21.42600145399996]]]},"properties":{"KEY":"2736.959027","id":"a509a0db-1b1e-4cdd-b17d-87d50b91aa75","FAZENDA":"02736","GLEBA":"09590","QUADRA":"027","__label_r__":1.2552312454438526},"id":"123"},{"type":"Feature","geometry":{"type":"Polygon","coordinates":[[[-47.910831529999946,-21.43160968099994],[-47.908537183999954,-21.433828649999953],[-47.908955711999965,-21.435116513999958],[-47.91160777199997,-21.433987197999954],[-47.910831529999946,-21.43160968099994]]]},"properties":{"KEY":"2736.959028","id":"3e4f0c3b-92fd-4441-813d-27ca1c3330e5","FAZENDA":"02736","GLEBA":"09590","QUADRA":"028","__label_r__":-0.40257003637633443},"id":"124"},{"type":"Feature","geometry":{"type":"Polygon","coordinates":[[[-47.90849885799996,-21.433865714999968],[-47.90582872699996,-21.436447984999987],[-47.90891146399996,-21.435135355999932],[-47.90849885799996,-21.433865714999968]]]},"properties":{"KEY":"2736.959029","id":"d9c4b3af-1926-4ad7-a057-9fbca309ac0e","FAZENDA":"02736","GLEBA":"09590","QUADRA":"029","__label_r__":-0.7686719449830456},"id":"125"},{"type":"Feature","geometry":{"type":"Polygon","coordinates":[[[-47.90412642299998,-21.430324421999956],[-47.90443437299997,-21.434506200999962],[-47.90465888399996,-21.435289142999977],[-47.90544169499997,-21.43661277799997],[-47.905708889999964,-21.43649901099998],[-47.90848281899997,-21.43381636099997],[-47.905951512999934,-21.426026824999965],[-47.903893456999974,-21.427292544999958],[-47.90412642299998,-21.430324421999956]]]},"properties":{"KEY":"2736.959030","id":"d8db77e9-9ebe-48f5-bbc6-c5728b6c894d","FAZENDA":"02736","GLEBA":"09590","QUADRA":"030","__label_r__":1.2565984723938708},"id":"126"},{"type":"Feature","geometry":{"type":"Polygon","coordinates":[[[-47.88188422799993,-21.45589542999994],[-47.88180345399997,-21.45754403799998],[-47.88182750999993,-21.46015575199995],[-47.88173967199997,-21.46111042999995],[-47.88200206799996,-21.461638082999983],[-47.886285731999976,-21.45748561599993],[-47.88484386099998,-21.455733525999946],[-47.88376173799998,-21.454932205999967],[-47.88282361499994,-21.45304767199997],[-47.88255861599998,-21.453481475999965],[-47.88220907799996,-21.454374447999953],[-47.88200464699997,-21.455084174999953],[-47.88188422799993,-21.45589542999994]]]},"properties":{"KEY":"2764.975301","id":"b18dde16-abb0-4921-9555-f54eada7fe30","FAZENDA":"02764","GLEBA":"09753","QUADRA":"001","__label_r__":-0.7698476196138485},"id":"127"},{"type":"Feature","geometry":{"type":"Polygon","coordinates":[[[-47.87884786699992,-21.452139903999978],[-47.878211576999945,-21.453909130999946],[-47.877956684999944,-21.45523037199996],[-47.88019485099994,-21.45827624599997],[-47.88081492599996,-21.45929089299996],[-47.88170452799994,-21.46103975899996],[-47.88178329999993,-21.45998042299992],[-47.88175972099998,-21.457325984999954],[-47.88188528099994,-21.455459903999937],[-47.88226392399997,-21.454072070999928],[-47.882514396999966,-21.45346346299992],[-47.88279936699996,-21.452999139999974],[-47.881625370999984,-21.45064935499994],[-47.87930967899996,-21.451274317999946],[-47.87897468399996,-21.452027389999955],[-47.87884786699992,-21.452139903999978]]]},"properties":{"KEY":"2764.975302","id":"74f9cb8d-1fa7-4c54-9c30-b0258ce698fd","FAZENDA":"02764","GLEBA":"09753","QUADRA":"002","__label_r__":-1.435465079485003},"id":"128"},{"type":"Feature","geometry":{"type":"Polygon","coordinates":[[[-47.86839936299998,-21.45452125599995],[-47.86801872599994,-21.454975826999927],[-47.86803775799996,-21.455018736999932],[-47.86817491599993,-21.454893210999955],[-47.86825458199996,-21.454947152999978],[-47.86812246299996,-21.455221555999955],[-47.86831727199996,-21.455316317999987],[-47.867857244999975,-21.456055357999958],[-47.867787426999925,-21.45656783299995],[-47.867838619999986,-21.456896540999935],[-47.868060972999956,-21.456938838999974],[-47.86946785699996,-21.456814352999984],[-47.87019052399995,-21.45477005799995],[-47.870322560999966,-21.45453327399997],[-47.87059253499995,-21.454349741999977],[-47.87509654399998,-21.452420269999948],[-47.88160441999997,-21.45060741999997],[-47.880317322999986,-21.448044719999928],[-47.86927473299993,-21.452770250999947],[-47.86899169199995,-21.452946491999967],[-47.86879209299996,-21.45321067299993],[-47.86863365099999,-21.45404365299993],[-47.86839936299998,-21.45452125599995]]]},"properties":{"KEY":"2764.975303","id":"c76be43c-8172-4dcc-b651-89bd6c1c2b74","FAZENDA":"02764","GLEBA":"09753","QUADRA":"003","__label_r__":-0.47274520784257956},"id":"129"},{"type":"Feature","geometry":{"type":"Polygon","coordinates":[[[-47.878958882999946,-21.45137309499995],[-47.87511443199996,-21.452462198999967],[-47.87061679899995,-21.454389004999953],[-47.87037309399994,-21.454554677999965],[-47.87181117899997,-21.457243617999964],[-47.873016057999955,-21.455807008999955],[-47.87361858299994,-21.455340084999932],[-47.87397196499995,-21.455185259999965],[-47.87474768399994,-21.455003060999957],[-47.87512547099995,-21.45500922999996],[-47.876299761999974,-21.455285991999972],[-47.87755030199996,-21.45543688999993],[-47.877654245999956,-21.455260022999937],[-47.87790345999997,-21.455222299999946],[-47.878164856999945,-21.453898002999935],[-47.87880465899996,-21.452119634999974],[-47.87869879399994,-21.451998242999935],[-47.878958882999946,-21.45137309499995]]]},"properties":{"KEY":"2764.979001","id":"407aa7c7-0cd3-4150-80bc-48fa201024b3","FAZENDA":"02764","GLEBA":"09790","QUADRA":"001","__label_r__":-0.30498712409551854},"id":"130"},{"type":"Feature","geometry":{"type":"Polygon","coordinates":[[[-47.872114715999935,-21.456968419999953],[-47.87183479299994,-21.45728831399998],[-47.87323032699993,-21.459946819999956],[-47.873752698999965,-21.459470163999995],[-47.87433765799994,-21.45905675499992],[-47.875056981999926,-21.458682418999956],[-47.87573268499994,-21.458444887999974],[-47.87654372399993,-21.458309370999928],[-47.87792941399994,-21.458283108999964],[-47.879264917999926,-21.45846758999994],[-47.87911932099996,-21.458229361999926],[-47.878763504999945,-21.45789695599997],[-47.87860760199992,-21.457438069999967],[-47.87786968199997,-21.456152755999938],[-47.87757926699993,-21.45548271299998],[-47.87629041699996,-21.45533029199993],[-47.87511876199994,-21.45505402499998],[-47.87475336099993,-21.455047949999937],[-47.87425849099998,-21.45514770799997],[-47.873645228999976,-21.455377814999963],[-47.873050068999916,-21.45583905799998],[-47.872114715999935,-21.456968419999953]]]},"properties":{"KEY":"2764.979002","id":"23f8ef74-bb05-429d-a903-e8e52aab55c9","FAZENDA":"02764","GLEBA":"09790","QUADRA":"002","__label_r__":-0.24038532886142203},"id":"131"},{"type":"Feature","geometry":{"type":"Polygon","coordinates":[[[-47.87378409199994,-21.459504437999968],[-47.87325244099996,-21.459991222999975],[-47.87399991999996,-21.461374643999932],[-47.87456321399998,-21.461928884999963],[-47.87550120399993,-21.461230458999992],[-47.87602916899992,-21.460949967999966],[-47.87741351499993,-21.46049998899997],[-47.878202813999955,-21.460510907999947],[-47.88106193099998,-21.461068430999944],[-47.88166956399994,-21.461076355999992],[-47.88100889999997,-21.459763212999974],[-47.88072605899998,-21.459908544999948],[-47.88033560799994,-21.459917828999963],[-47.880099516999955,-21.459674441999937],[-47.87929465899997,-21.458509744999958],[-47.877927486999965,-21.458328216999973],[-47.876189748999934,-21.458385547999967],[-47.87507754299996,-21.458723249999935],[-47.87436407399997,-21.459094508999954],[-47.87378409199994,-21.459504437999968]]]},"properties":{"KEY":"2764.979003","id":"15b00ef3-4da6-4656-a52d-69e229b2f84b","FAZENDA":"02764","GLEBA":"09790","QUADRA":"003","__label_r__":-0.1193966037536875},"id":"132"},{"type":"Feature","geometry":{"type":"Polygon","coordinates":[[[-47.88000675399997,-21.46358089199998],[-47.881966388999956,-21.46167324499993],[-47.881690551999945,-21.46111856199998],[-47.88105349099992,-21.46111285299996],[-47.87819676199996,-21.460555749999983],[-47.877419259999954,-21.460544980999956],[-47.87605022699995,-21.460990597999967],[-47.87552969599993,-21.461267005999957],[-47.87460392899993,-21.46195602699993],[-47.87539582999994,-21.462303177999956],[-47.87891032799996,-21.46333662899997],[-47.88000675399997,-21.46358089199998]]]},"properties":{"KEY":"2764.979004","id":"e38ea90d-0027-43ad-9f67-9fbadeed35c0","FAZENDA":"02764","GLEBA":"09790","QUADRA":"004","__label_r__":0.15971713957431125},"id":"133"},{"type":"Feature","geometry":{"type":"Polygon","coordinates":[[[-47.87888178799994,-21.46337542499998],[-47.878092255999945,-21.46314040599998],[-47.877040497999985,-21.46319200799995],[-47.87644816799997,-21.46337874499993],[-47.87560697499997,-21.463886912999953],[-47.87520475599996,-21.464211564999957],[-47.87467413199994,-21.464848270999937],[-47.87335061099998,-21.466927984999927],[-47.875352117999974,-21.468225908999955],[-47.87578672799998,-21.46766913099998],[-47.879792928999954,-21.46378962899996],[-47.87905438899997,-21.46352517499996],[-47.87888178799994,-21.46337542499998]]]},"properties":{"KEY":"2764.979005","id":"64321131-dba0-4307-97f5-c6528b9629aa","FAZENDA":"02764","GLEBA":"09790","QUADRA":"005","__label_r__":-0.784887748486943},"id":"134"},{"type":"Feature","geometry":{"type":"Polygon","coordinates":[[[-47.872811792999975,-21.46433763499992],[-47.87177554199997,-21.465906682999957],[-47.87331074399998,-21.46690213399995],[-47.87463417599996,-21.46482302999995],[-47.87530743599996,-21.46404757399995],[-47.87630597399993,-21.463397488999902],[-47.87668044499997,-21.463232953999977],[-47.87744570899996,-21.463093079999965],[-47.87794056499997,-21.463094342999952],[-47.875380504999946,-21.46234598199993],[-47.87456591299997,-21.461986072999935],[-47.873667697999956,-21.462894609999978],[-47.872811792999975,-21.46433763499992]]]},"properties":{"KEY":"2764.979006","id":"6d3bd41a-bd1d-437f-b36b-ad2c411c14cc","FAZENDA":"02764","GLEBA":"09790","QUADRA":"006","__label_r__":-0.688280171087934},"id":"135"},{"type":"Feature","geometry":{"type":"Polygon","coordinates":[[[-47.87265164099995,-21.460737222999967],[-47.871809509999935,-21.462007247999978],[-47.871133251999936,-21.463372147999962],[-47.870770314999945,-21.46402175299994],[-47.87043264699997,-21.464375671999974],[-47.87020177599992,-21.464886199999967],[-47.87173588599995,-21.465880969999958],[-47.872624995999956,-21.464551002999926],[-47.87362833699995,-21.46286844399998],[-47.87452617799994,-21.461959585999978],[-47.87395956499995,-21.461399411999935],[-47.87327526299998,-21.460140446999958],[-47.87265164099995,-21.460737222999967]]]},"properties":{"KEY":"2764.979007","id":"998e3bc9-dc84-4510-939c-48c0ba0a7a78","FAZENDA":"02764","GLEBA":"09790","QUADRA":"007","__label_r__":-0.9523553877202894},"id":"136"},{"type":"Feature","geometry":{"type":"Polygon","coordinates":[[[-47.87313783999997,-21.459867652999947],[-47.87033838199993,-21.454589864999946],[-47.86954485499995,-21.45684823099998],[-47.86805801399997,-21.45698435199995],[-47.868524105999924,-21.458196432999955],[-47.86864879999996,-21.45894166499994],[-47.868608636999966,-21.45953085799995],[-47.86850681199996,-21.45987852299993],[-47.86816431499993,-21.460442065999928],[-47.867933105999946,-21.461135734999957],[-47.86781567999997,-21.462198237999928],[-47.867359784999955,-21.463043286999948],[-47.870160900999956,-21.464859694999973],[-47.870391964999946,-21.464349239999933],[-47.870729003999934,-21.463998243999967],[-47.87176731499993,-21.461985436999953],[-47.87259823799995,-21.46072944199996],[-47.87258706699999,-21.460542122999982],[-47.87313783999997,-21.459867652999947]]]},"properties":{"KEY":"2764.979008","id":"1a5816b6-4b35-4f49-aabb-1a8b06d8d1b3","FAZENDA":"02764","GLEBA":"09790","QUADRA":"008","__label_r__":-1.0428438884328415},"id":"137"},{"type":"Feature","geometry":{"type":"Polygon","coordinates":[[[-47.918918722999926,-21.393057729999953],[-47.91745494099996,-21.395315680999957],[-47.92136870299998,-21.40069397499998],[-47.92187290599996,-21.401681072999963],[-47.924630534999935,-21.400786724999932],[-47.918918722999926,-21.393057729999953]]]},"properties":{"KEY":"2786.909001","id":"02994c31-5990-4d0c-b2ef-c1b1e7ae1c02","FAZENDA":"02786","GLEBA":"09090","QUADRA":"001","__label_r__":0.9343653809091897},"id":"138"},{"type":"Feature","geometry":{"type":"Polygon","coordinates":[[[-47.91742747099994,-21.39535805199995],[-47.91545824899997,-21.398395486999974],[-47.917200271999945,-21.400541706999945],[-47.91706841199993,-21.400647401999947],[-47.91705097799996,-21.40080159699994],[-47.91865135799997,-21.402626902999955],[-47.921826938999956,-21.401694594999995],[-47.92133061899994,-21.400721779999955],[-47.91742747099994,-21.39535805199995]]]},"properties":{"KEY":"2786.909002","id":"0aec927c-8ef7-4e51-a27b-6198e504a457","FAZENDA":"02786","GLEBA":"09090","QUADRA":"002","__label_r__":0.9417251313022064},"id":"139"},{"type":"Feature","geometry":{"type":"Polygon","coordinates":[[[-47.92206101199997,-21.402910490999943],[-47.922124329999974,-21.409603605999962],[-47.92732903499996,-21.403859977999943],[-47.92651902699999,-21.40350568199993],[-47.92465643199994,-21.400826519999953],[-47.92188720599994,-21.40172539699995],[-47.922019433999935,-21.40230146899995],[-47.92206101199997,-21.402910490999943]]]},"properties":{"KEY":"2786.909003","id":"8f10c9da-ef2b-4eba-9299-1f04bc55e3d5","FAZENDA":"02786","GLEBA":"09090","QUADRA":"003","__label_r__":-0.8345826700765568},"id":"140"},{"type":"Feature","geometry":{"type":"Polygon","coordinates":[[[-47.91869592199998,-21.402697493999938],[-47.918754908999965,-21.40894753699996],[-47.92126988999995,-21.41054645699994],[-47.922076642999976,-21.409656226999985],[-47.92201050299996,-21.40273935099998],[-47.921841221999955,-21.40173888099997],[-47.91869592199998,-21.402697493999938]]]},"properties":{"KEY":"2786.909004","id":"8e9b36cd-3627-4e32-86b3-95de9a20a0b5","FAZENDA":"02786","GLEBA":"09090","QUADRA":"004","__label_r__":1.5612344979719386},"id":"141"},{"type":"Feature","geometry":{"type":"Polygon","coordinates":[[[-47.91858522499996,-21.40277879799993],[-47.914162014999924,-21.40602739299993],[-47.918706432999954,-21.408916717999944],[-47.91864807399996,-21.40273263899998],[-47.91858522499996,-21.40277879799993]]]},"properties":{"KEY":"2786.909005","id":"afc9e18c-6f38-4bc6-b9b5-f4ac2893559d","FAZENDA":"02786","GLEBA":"09090","QUADRA":"005","__label_r__":0.5663254369403679},"id":"142"},{"type":"Feature","geometry":{"type":"Polygon","coordinates":[[[-47.92045966799997,-21.410085893999963],[-47.91412221499996,-21.406056622999927],[-47.91407256799994,-21.406093082999973],[-47.913526155999925,-21.408320878999973],[-47.91972033699994,-21.412256295999953],[-47.92108188199996,-21.410753914999944],[-47.920495601999946,-21.41039126299995],[-47.92043488399996,-21.410262263999982],[-47.92045966799997,-21.410085893999963]]]},"properties":{"KEY":"2786.909006","id":"d7385224-2d4b-4cd9-a5cd-62df301af057","FAZENDA":"02786","GLEBA":"09090","QUADRA":"006","__label_r__":0.5663187673788673},"id":"143"},{"type":"Feature","geometry":{"type":"Polygon","coordinates":[[[-47.91304163999995,-21.41029623399993],[-47.91477243799996,-21.411140072999956],[-47.91809568699994,-21.414048934999983],[-47.919688977999954,-21.412290897999966],[-47.91351458599997,-21.408368050999968],[-47.91304163999995,-21.41029623399993]]]},"properties":{"KEY":"2786.909007","id":"7ae621d0-d245-4980-9623-f838f4ec1d6b","FAZENDA":"02786","GLEBA":"09090","QUADRA":"007","__label_r__":0.5660013053004317},"id":"144"},{"type":"Feature","geometry":{"type":"Polygon","coordinates":[[[-47.91284363999995,-21.41110345499993],[-47.91401099599995,-21.411624531999962],[-47.91469550499993,-21.411651148999965],[-47.91604847399998,-21.412380536999947],[-47.91471625599995,-21.411214416999925],[-47.913019351999935,-21.410387103999966],[-47.91284363999995,-21.41110345499993]]]},"properties":{"KEY":"2786.909008","id":"9cf1b14d-5814-4088-b7ab-2058c4fa6ae3","FAZENDA":"02786","GLEBA":"09090","QUADRA":"008","__label_r__":0.4536321210905075},"id":"145"},{"type":"Feature","geometry":{"type":"Polygon","coordinates":[[[-47.890223686999946,-21.42200692199998],[-47.891045516999945,-21.423950836999936],[-47.891308074999976,-21.424826397999936],[-47.891526678999966,-21.42513211199997],[-47.89173567399996,-21.426022625999963],[-47.89196494799995,-21.426655542999995],[-47.893330516999974,-21.424556731999928],[-47.892972159999935,-21.424188187999974],[-47.892422051999965,-21.423219834999927],[-47.89261492399998,-21.422115069999975],[-47.89201082799997,-21.421001975999943],[-47.89136271399997,-21.419988368999938],[-47.89083196899997,-21.419802153999967],[-47.88965263899996,-21.41866709199998],[-47.88904558599996,-21.418170377999957],[-47.88888018999995,-21.41812432499995],[-47.88900833299993,-21.41864688899996],[-47.890223686999946,-21.42200692199998]]]},"properties":{"KEY":"2787.938801","id":"bdeb1e71-c680-4120-be15-653c31fa7b8c","FAZENDA":"02787","GLEBA":"09388","QUADRA":"001","__label_r__":1.2123975965393816},"id":"146"},{"type":"Feature","geometry":{"type":"Polygon","coordinates":[[[-47.89200328499993,-21.435137964999967],[-47.89470441899993,-21.431981491999977],[-47.89483542699996,-21.43085427599992],[-47.89534331099997,-21.42862014199993],[-47.89540985299993,-21.427916617999927],[-47.895384716999956,-21.425404433999972],[-47.89527615299994,-21.424848821999944],[-47.893892269999974,-21.423970616999938],[-47.89338851799994,-21.42455430799994],[-47.89198518299996,-21.426711163999983],[-47.892710712999985,-21.42879671599998],[-47.892562415999976,-21.429441297999972],[-47.891812729999955,-21.434572308999975],[-47.89198536799994,-21.434692706999954],[-47.89200328499993,-21.435137964999967]]]},"properties":{"KEY":"2787.938802","id":"789e5214-1f4c-4db4-8aa8-f46e48ed317b","FAZENDA":"02787","GLEBA":"09388","QUADRA":"002","__label_r__":-1.5488624553670962},"id":"147"},{"type":"Feature","geometry":{"type":"Polygon","coordinates":[[[-47.89165532099996,-21.435616728999932],[-47.89074109099994,-21.44178138099994],[-47.89099188599994,-21.442326780999963],[-47.89136167899994,-21.442539279999934],[-47.89143245099994,-21.44250799899993],[-47.89127785599992,-21.44108261899993],[-47.89138626099997,-21.440656516999994],[-47.89197811299994,-21.439862196999968],[-47.89238168799995,-21.43960396999995],[-47.89309912899995,-21.43846478499995],[-47.89389136599992,-21.437387321999935],[-47.89417308599997,-21.43676616099998],[-47.894398228999925,-21.435694483999953],[-47.894690166999965,-21.433582324999975],[-47.89459074499996,-21.432856097999945],[-47.89469463199998,-21.432065088999934],[-47.89165532099996,-21.435616728999932]]]},"properties":{"KEY":"2787.938803","id":"a059efc6-4985-434e-9805-092f874a6696","FAZENDA":"02787","GLEBA":"09388","QUADRA":"003","__label_r__":-1.3637229588098418},"id":"148"},{"type":"Feature","geometry":{"type":"Polygon","coordinates":[[[-47.89474148799995,-21.414043183999993],[-47.894927950999936,-21.415283434999935],[-47.89498390899997,-21.41505435499994],[-47.895186336999984,-21.414959928999963],[-47.896048936999925,-21.415023522999945],[-47.896352410999945,-21.415266744999954],[-47.896413676999934,-21.415242781999922],[-47.89666727899996,-21.413860129999932],[-47.89474148799995,-21.414043183999993]]]},"properties":{"KEY":"2787.938804","id":"2ac0e40e-cc84-4263-81b5-99339dbec8f5","FAZENDA":"02787","GLEBA":"09388","QUADRA":"004","__label_r__":-0.0947691918770326},"id":"149"},{"type":"Feature","geometry":{"type":"Polygon","coordinates":[[[-47.89152991799995,-21.415393712999958],[-47.89215791199996,-21.415690603999963],[-47.893218023999964,-21.415938426999958],[-47.89355119899994,-21.416178843999944],[-47.89389248499998,-21.41663138599995],[-47.89454693399995,-21.420259146999967],[-47.89481768699994,-21.42242406899993],[-47.89536214499998,-21.424648726999976],[-47.89650982399995,-21.42359524099993],[-47.896513837999976,-21.422562641999946],[-47.89641076799995,-21.421249830999955],[-47.89616682899998,-21.419464072999972],[-47.896102153999934,-21.416861689999962],[-47.89552083799997,-21.416864782999937],[-47.895285617999946,-21.416801162999946],[-47.895140476999984,-21.416665572999932],[-47.89469351599995,-21.41404774299997],[-47.89140675199995,-21.414360106999936],[-47.89094346599994,-21.414591996999945],[-47.89148986499997,-21.41514067399993],[-47.89152991799995,-21.415393712999958]]]},"properties":{"KEY":"2787.938805","id":"e8e08d3b-9e82-40dd-9eb4-b1405b090f28","FAZENDA":"02787","GLEBA":"09388","QUADRA":"005","__label_r__":1.1568129274387795},"id":"150"},{"type":"Feature","geometry":{"type":"Polygon","coordinates":[[[-47.889042536999966,-21.41682194899994],[-47.889097908999965,-21.417222683999952],[-47.88928723099996,-21.41755731799998],[-47.88927112499993,-21.417818100999966],[-47.889730615999945,-21.418187174999957],[-47.889831313999935,-21.418168570999967],[-47.88981103299994,-21.418253241999935],[-47.89128093399995,-21.419603737999978],[-47.89140915899997,-21.419656309999937],[-47.89159975499995,-21.419618348999947],[-47.89189287799997,-21.419739324999966],[-47.892208431999954,-21.41992267699993],[-47.89281242599998,-21.420457319999954],[-47.89319601999994,-21.421171319999928],[-47.89348100399995,-21.42194778299995],[-47.894692786999926,-21.421542255999952],[-47.89391226199996,-21.416808715999935],[-47.893786632999934,-21.41654708799996],[-47.893468790999975,-21.41616546999994],[-47.89313394799996,-21.41595285799997],[-47.892277619999966,-21.41577260799994],[-47.89177177499995,-21.41559148899995],[-47.89063779299994,-21.414744993999932],[-47.88841424599995,-21.415857912999982],[-47.88900646199994,-21.416350140999953],[-47.889042536999966,-21.41682194899994]]]},"properties":{"KEY":"2787.938806","id":"c214d30e-f485-4819-a17c-6e902eee6b7a","FAZENDA":"02787","GLEBA":"09388","QUADRA":"006","__label_r__":0.7757820063761374},"id":"151"},{"type":"Feature","geometry":{"type":"Polygon","coordinates":[[[-47.89341480799993,-21.42243574099996],[-47.89393273699994,-21.42377567899996],[-47.89529912799997,-21.42464756499993],[-47.89477007099998,-21.422431191999976],[-47.89469600899997,-21.42158909099993],[-47.89323000099994,-21.422079693999947],[-47.89341480799993,-21.42243574099996]]]},"properties":{"KEY":"2787.938807","id":"f904f49f-d915-4b3f-91fc-fcc53f8b3f79","FAZENDA":"02787","GLEBA":"09388","QUADRA":"007","__label_r__":1.3760983181787796},"id":"152"},{"type":"Feature","geometry":{"type":"Polygon","coordinates":[[[-47.88777569199993,-21.41617750899998],[-47.88430660099993,-21.417866773999947],[-47.88435109199996,-21.41832530699996],[-47.886257978999936,-21.417272493999974],[-47.88737413599995,-21.417221902999927],[-47.88773148699994,-21.41707145999993],[-47.887984934999956,-21.416744286999986],[-47.88833117199994,-21.416551369999965],[-47.88777569199993,-21.41617750899998]]]},"properties":{"KEY":"2787.938808","id":"d2b8985d-9f8a-494e-bf65-d5c20b0d35f1","FAZENDA":"02787","GLEBA":"09388","QUADRA":"008","__label_r__":-0.4531511464716669},"id":"153"},{"type":"Feature","geometry":{"type":"Polygon","coordinates":[[[-47.88562754999999,-21.43962050899995],[-47.88543412899996,-21.439696712999947],[-47.88643913299995,-21.44160764899992],[-47.88666549699995,-21.44195650499995],[-47.88719102099997,-21.44241384499996],[-47.88873164699998,-21.44298052399995],[-47.88946202599993,-21.44316510899995],[-47.89021277499994,-21.443099976999974],[-47.89137908799996,-21.442609192999953],[-47.89105241099997,-21.442444655999964],[-47.89091335199997,-21.44229247399994],[-47.88826203499996,-21.43691922499994],[-47.887053585999965,-21.43816463899998],[-47.88615957899997,-21.43928322599993],[-47.88562754999999,-21.43962050899995]]]},"properties":{"KEY":"2787.955101","id":"c428070c-e361-4df7-877a-c8bd49bb1d12","FAZENDA":"02787","GLEBA":"09551","QUADRA":"001","__label_r__":1.069631776807381},"id":"154"},{"type":"Feature","geometry":{"type":"Polygon","coordinates":[[[-47.883570193999965,-21.43589532299997],[-47.885414013999934,-21.439655689999938],[-47.886073001999925,-21.439304120999964],[-47.887016493999965,-21.43813583399998],[-47.88824017899998,-21.436875762999946],[-47.88545159499994,-21.431314585999928],[-47.88509093999994,-21.43064519399995],[-47.885025069999976,-21.430627127999955],[-47.88469269199993,-21.431214487999966],[-47.88453090799993,-21.43134663099994],[-47.88422971599993,-21.431368359999965],[-47.88372320099995,-21.43115759999995],[-47.88163902399998,-21.431956611999965],[-47.883570193999965,-21.43589532299997]]]},"properties":{"KEY":"2787.955102","id":"83e36164-f816-448a-bc50-7d7bd508fa97","FAZENDA":"02787","GLEBA":"09551","QUADRA":"002","__label_r__":1.1149147617435018},"id":"155"},{"type":"Feature","geometry":{"type":"Polygon","coordinates":[[[-47.884869113999954,-21.429713068999945],[-47.884813700999985,-21.42395102399996],[-47.88455759199995,-21.42367697399993],[-47.88450237699994,-21.422983065999972],[-47.88470648499998,-21.422592409999936],[-47.885134986999944,-21.42213798199998],[-47.884873750999965,-21.421484676999967],[-47.88484184299995,-21.420677705999935],[-47.88472890099995,-21.420421251999997],[-47.884186387999925,-21.42083996799994],[-47.88334180299994,-21.422110289999964],[-47.881958537999935,-21.425550881999982],[-47.880254412999925,-21.429132512999956],[-47.881618904999975,-21.431915579999952],[-47.88372879499997,-21.431109508999953],[-47.88383759699997,-21.43068785199995],[-47.88410583099993,-21.430452863999946],[-47.88435722799994,-21.430421198999966],[-47.88472866999996,-21.43055645499993],[-47.88472157799998,-21.429796302999932],[-47.884869113999954,-21.429713068999945]]]},"properties":{"KEY":"2787.955103","id":"2f86df1b-d6a0-435a-b51d-77458830d498","FAZENDA":"02787","GLEBA":"09551","QUADRA":"003","__label_r__":-1.5357123858632158},"id":"156"},{"type":"Feature","geometry":{"type":"Polygon","coordinates":[[[-47.87691429199998,-21.42231946499993],[-47.88022773799998,-21.429078102999938],[-47.88191404599996,-21.425533555999962],[-47.88329875499994,-21.422089997999947],[-47.88414781199997,-21.42081289099997],[-47.88469465799993,-21.420388457999934],[-47.88448032599995,-21.42024069599995],[-47.884349926999946,-21.42005222199998],[-47.88426027799992,-21.417888352999967],[-47.88231067399994,-21.418863975999955],[-47.87691429199998,-21.42231946499993]]]},"properties":{"KEY":"2787.955104","id":"9e964ea3-a1ee-4760-9cb5-627adc186ff5","FAZENDA":"02787","GLEBA":"09551","QUADRA":"004","__label_r__":-0.5695503815427352},"id":"157"},{"type":"Feature","geometry":{"type":"Polygon","coordinates":[[[-47.88752774199996,-21.420853448999935],[-47.887405866999984,-21.421219844999953],[-47.88740591999992,-21.422017341999947],[-47.88963883299992,-21.42364734699993],[-47.890671734999955,-21.42340523599995],[-47.88879814899997,-21.418166905999954],[-47.88825283499993,-21.419019784999932],[-47.88818979599995,-21.41930872399996],[-47.88788234399993,-21.419849415999963],[-47.88777174799998,-21.420470788999978],[-47.88752774199996,-21.420853448999935]]]},"properties":{"KEY":"2787.955105","id":"b3af645a-4d9b-4f1a-8998-566044ee2017","FAZENDA":"02787","GLEBA":"09551","QUADRA":"005","__label_r__":1.227306221005842},"id":"158"},{"type":"Feature","geometry":{"type":"Polygon","coordinates":[[[-47.88499730599994,-21.42233782699998],[-47.884591971999946,-21.42286179799993],[-47.88665435699992,-21.422800693999918],[-47.88686529399996,-21.42288726399994],[-47.88837192599993,-21.423940396999967],[-47.889580243999944,-21.42366135599997],[-47.88740337099995,-21.42206813899999],[-47.887241089999975,-21.42219361599996],[-47.88671510899996,-21.422261383999967],[-47.88526694599994,-21.422137308999936],[-47.88499730599994,-21.42233782699998]]]},"properties":{"KEY":"2787.955106","id":"8b8c838c-88a0-49c1-ba71-a6d3853e9c04","FAZENDA":"02787","GLEBA":"09551","QUADRA":"006","__label_r__":0.2779601740358206},"id":"159"},{"type":"Feature","geometry":{"type":"Polygon","coordinates":[[[-47.88582760599995,-21.43196048599998],[-47.88733008699995,-21.434968158999936],[-47.888138672999965,-21.43656798299999],[-47.88878612099993,-21.435479560999966],[-47.889252398999986,-21.434242944999937],[-47.890010993999965,-21.429406220999965],[-47.88523532799995,-21.43051165499996],[-47.88520181399997,-21.43075080699998],[-47.88582760599995,-21.43196048599998]]]},"properties":{"KEY":"2787.955107","id":"75e4c42f-50a9-4f35-b6d4-a322de038913","FAZENDA":"02787","GLEBA":"09551","QUADRA":"007","__label_r__":1.3433301389795211},"id":"160"},{"type":"Feature","geometry":{"type":"Polygon","coordinates":[[[-47.891611790999946,-21.435572304999923],[-47.89251473599995,-21.429434760999996],[-47.892660332999974,-21.42880871699998],[-47.890061338999935,-21.429394720999937],[-47.88929926799993,-21.43425346999993],[-47.88882987399995,-21.435498481999957],[-47.88816255399997,-21.43661547499994],[-47.89070481499994,-21.441707183999938],[-47.891611790999946,-21.435572304999923]]]},"properties":{"KEY":"2787.955108","id":"e57927e8-5e3b-4001-b18f-366b36826355","FAZENDA":"02787","GLEBA":"09551","QUADRA":"008","__label_r__":-1.4203335884159374},"id":"161"}]}